GennySim/GSim_State_Name,Source,Stepping,Weight,Type,RefGC,Comment
5sec_moving_avg_Adjustment,Gen10LP,A0,0,syn,1,
Architecture,Gen10LP,A0,0,syn,1,
Gennysim_Stat_Clocks,Gen10LP,A0,0,syn,1,
PS0_CS,Gen10LP,A0,2,syn,1,
PS1_CS,Gen10LP,A0,15.34551819,syn,1,
PS2_CS,Gen10LP,A0,41.46661632,syn,1,
PS0_VF_DOP,Gen10LP,A0,0,syn,1,
PS0_VF,Gen10LP,A0,3.57,syn,1,
PS1_VF,Gen10LP,A0,9.09,syn,1,
PS2_VF_Indexed,Gen10LP,A0,35.13,syn,1,
PS2_VF_Sequential,Gen10LP,A0,31.16,syn,1,
PS2_VF_Control,Gen10LP,A0,9.09,syn,1,
PS2_VF_Dropped,Gen10LP,A0,9.09,syn,1,
PS0_VF_Cache_Idle,Gen10LP,A0,0,ebb,1,
PS0_VF_URBFifo_Idle,Gen10LP,A0,0,syn,1,
PS2_VF_Cache_Read,Gen10LP,A0,0,ebb,1,
PS2_VF_Cache_Write,Gen10LP,A0,0,ebb,1,
PS2_VF_URBFifo_Read,Gen10LP,A0,0,syn,1,
PS2_VF_URBFifo_Write,Gen10LP,A0,0,syn,1,
PS0_VFBE1_DOP,Gen10LP,A0,0,syn,1,
PS0_VFBE1,Gen10LP,A0,1.79,syn,1,
PS1_VFBE1,Gen10LP,A0,3.4,syn,1,
PS2_VFBE1,Gen10LP,A0,24.22,syn,1,
PS0_VFBE2_DOP,Gen10LP,A0,0,syn,1,
PSO_VFBE2,Gen10LP,A0,1.73,syn,1,
PS1_VFBE2,Gen10LP,A0,3.26,syn,1,
PS2_VFBE2,Gen10LP,A0,23.38,syn,1,
PS0_VSFE_DOP,Gen10LP,A0,0,syn,1,
PS0_VSFE,Gen10LP,A0,1.02,syn,1,
PS1_VSFE,Gen10LP,A0,4.09,syn,1,
PS2_VSFE,Gen10LP,A0,33.36,syn,1,
PS0_VSBE_DOP,Gen10LP,A0,0,syn,1,
PS0_VSBE,Gen10LP,A0,1.9,syn,1,
PS1_VSBE,Gen10LP,A0,18.7,syn,1,
PS2_VSBE,Gen10LP,A0,56.19,syn,1,
PS0_VSBE_Cache_Idle,Gen10LP,A0,0,ebb,1,
PS2_VSBE_Cache_Read,Gen10LP,A0,0,ebb,1,
PS2_VSBE_Cache_Write,Gen10LP,A0,0,ebb,1,
PS0_HPVS_DOP,Gen10LP,A0,0,syn,1,
PS0_HPVS,Gen10LP,A0,1.77,syn,1,
PS1_HPVS,Gen10LP,A0,6.57,syn,1,
PS2_HPVS,Gen10LP,A0,31.48,syn,1,
PS0_HPVS_Cache_Idle,Gen10LP,A0,0,ebb,1,
PS2_HPVS_Cache_Read,Gen10LP,A0,0,ebb,1,
PS2_HPVS_Cache_Write,Gen10LP,A0,0,ebb,1,
PS0_HS_DOP,Gen10LP,A0,0,syn,1,
PS0_HS,Gen10LP,A0,2.43,syn,1,
PS1_HS,Gen10LP,A0,5.61,syn,1,
PS2_HS_Disabled,Gen10LP,A0,6.05,syn,1,
PS2_HS_Enabled,Gen10LP,A0,19.8,syn,1,
PS0_HS_Cache_Idle,Gen10LP,A0,0,ebb,1,
PS2_HS_Cache_Read,Gen10LP,A0,0,ebb,1,
PS2_HS_Cache_ReadWrite,Gen10LP,A0,0,ebb,1,
PS2_HS_Cache_Write,Gen10LP,A0,0,ebb,1,
PS0_TE,Gen10LP,A0,1.38,syn,1,
PS1_TE,Gen10LP,A0,8.08,syn,1,
PS2_TE_Disabled,Gen10LP,A0,3.34,syn,1,
PS2_TE_Enabled,Gen10LP,A0,18.65,syn,1,
PS0_TDS_DOP,Gen10LP,A0,0,syn,1,
PS0_TDS,Gen10LP,A0,2.4,syn,1,
PS1_TDS,Gen10LP,A0,6.54,syn,1,
PS2_TDS_Disabled,Gen10LP,A0,22.31,syn,1,
PS2_TDS_Enabled,Gen10LP,A0,47.44,syn,1,
PS0_TDS_Cache_Idle,Gen10LP,A0,0,ebb,1,
PS2_TDS_Cache_Read,Gen10LP,A0,0,ebb,1,
PS2_TDS_Cache_ReadWrite,Gen10LP,A0,0,ebb,1,
PS2_TDS_Cache_Write,Gen10LP,A0,0,ebb,1,
PS0_GS_DOP,Gen10LP,A0,0,syn,1,
PS0_GS,Gen10LP,A0,7.36,syn,1,
PS1_GS,Gen10LP,A0,22.73,syn,1,
PS2_GS_Enabled,Gen10LP,A0,37.76,syn,1,
PS2_GS_Disabled,Gen10LP,A0,12.46,syn,1,
PS0_GS_Cache_Idle,Gen10LP,A0,0,ebb,1,
PS2_GS_Cache_Read,Gen10LP,A0,0,ebb,1,
PS2_GS_Cache_ReadWrite,Gen10LP,A0,0,ebb,1,
PS2_GS_Cache_Write,Gen10LP,A0,0,ebb,1,
PS0_SOL_DOP,Gen10LP,A0,0,syn,1,
PS0_SOL,Gen10LP,A0,3.88,syn,1,
PS1_SOL,Gen10LP,A0,4.58,syn,1,
PS2_SOL_Enabled,Gen10LP,A0,11.01,syn,1,
PS2_SOL_Disabled,Gen10LP,A0,4.58,syn,1,
PS0_SOL_Cache_Idle,Gen10LP,A0,0,ebb,1,
PS2_SOL_Cache_Read,Gen10LP,A0,0,ebb,1,
PS2_SOL_Cache_ReadWrite,Gen10LP,A0,0,ebb,1,
PS2_SOL_Cache_Write,Gen10LP,A0,0,ebb,1,
PS0_CL_DOP,Gen10LP,A0,0,syn,1,
PS0_CL,Gen10LP,A0,6.28,syn,1,
PS1_CL,Gen10LP,A0,17.49,syn,1,
PS2_CL_Mustclip,Gen10LP,A0,38.74,syn,1,
PS2_CL_NoMustclip,Gen10LP,A0,82.88,syn,1,
PS0_SFFE_DOP,Gen10LP,A0,0,syn,1,
PS0_SFFE,Gen10LP,A0,4,syn,1,
PS1_SFFE,Gen10LP,A0,5.5,syn,1,
PS2_SFFE_Culled,Gen10LP,A0,33.3,syn,1,
PS2_SFFE_NotCulled_FastClip,Gen10LP,A0,66.67,syn,1,
PS2_SFFE_NotCulled_NotFastClip,Gen10LP,A0,100.44,syn,1,
PS0_SFBE_DOP,Gen10LP,A0,0,syn,1,
PS0_SFBE,Gen10LP,A0,5.6,syn,1,
PS1_SFBE,Gen10LP,A0,8.6,syn,1,
PS2_SFBE_Culled,Gen10LP,A0,39.83,syn,1,
PS2_SFBE_NotCulled_FastClip,Gen10LP,A0,39.83,syn,1,
PS2_SFBE_NotCulled_NotFastClip,Gen10LP,A0,39.83,syn,1,
PS0_TDG,Gen10LP,A0,1.42,syn,1,
PS1_TDG,Gen10LP,A0,3.56,syn,1,
PS2_TDG,Gen10LP,A0,5.92,syn,1,
PS0_URBM_DOP,Gen10LP,A0,0,syn,1,
PS0_URBM,Gen10LP,A0,0.45,syn,1,
PS1_URBM,Gen10LP,A0,3.97,syn,1,
PS2_URBM,Gen10LP,A0,3.97,syn,1,
PS0_RS,Gen10LP,A0,0.95,syn,1,
PS1_RS,Gen10LP,A0,4.45,syn,1,
PS2_RS,Gen10LP,A0,4.45,syn,1,
PS0_DX9_Cache_Idle,Gen10LP,A0,0,ebb,1,
PS0_DX9_Cache_Read,Gen10LP,A0,0,ebb,1,
PS0_DX9_Cache_Write,Gen10LP,A0,0,ebb,1,
PS0_DX9_Cache_ReadWrite,Gen10LP,A0,0,ebb,1,
PS0_BTGEN_Cache_Idle,Gen10LP,A0,0,ebb,1,
PS0_BTGEN_Cache_Read,Gen10LP,A0,0,ebb,1,
PS0_BTGEN_Cache_Write,Gen10LP,A0,0,ebb,1,
PS0_BTGEN_Cache_ReadWrite,Gen10LP,A0,0,ebb,1,
PS0_OACS,Gen10LP,A0,0.89,syn,1,
PS1_OACS,Gen10LP,A0,4.83,syn,1,
PS2_OACS,Gen10LP,A0,4.83,syn,1,
PS0_SVG_DOP,Gen10LP,A0,0,syn,1,
PS0_SVG,Gen10LP,A0,0.97,syn,1,
PS1_SVG,Gen10LP,A0,3.43,syn,1,
PS2_SVG,Gen10LP,A0,3.43,syn,1,
PS0_SVL_DOP,Gen10LP,A0,0,syn,1,
PS0_SVL,Gen10LP,A0,1.07,syn,1,
PS1_SVL,Gen10LP,A0,4.09,syn,1,
PS2_SVL,Gen10LP,A0,4.09,syn,1,
PS0_VFE,Gen10LP,A0,0.18,syn,1,
PS1_VFE,Gen10LP,A0,2.06,syn,1,
PS2_VFE_GPGPU,Gen10LP,A0,4.79,syn,1,
PS2_VFE_MEDIA,Gen10LP,A0,4.79,syn,1,
PS0_TSG,Gen10LP,A0,2.12,syn,1,
PS1_TSG,Gen10LP,A0,15.34,syn,1,
PS2_TSG_Media_NoScoreboard,Gen10LP,A0,19.74,syn,1,
PS2_TSG_Media_Scoreboard,Gen10LP,A0,19.74,syn,1,
Fix_glue_power,Gen10LP,A0,0,syn,1,
PS0_WMFE_DOP,Gen10LP,A0,0,syn,1,
PS0_WMFE,Gen10LP,A0,2.39,syn,1,
PS1_WMFE,Gen10LP,A0,4.76,syn,1,
PS2_WMFE_NOTNULLTOPSC,Gen10LP,A0,22.18,syn,1,
PS2_WMFE_NULLTOPSC,Gen10LP,A0,3.68,syn,1,
PS2_WMFE_POLYFIFO_READ,Gen10LP,A0,0,syn,1,
PS2_WMFE_POLYFIFO_WRITE,Gen10LP,A0,0,syn,1,
PS0_WMBE_DOP,Gen10LP,A0,0,syn,1,
PS0_WMBE,Gen10LP,A0,3.43,syn,1,
PS1_WMBE,Gen10LP,A0,7,syn,1,
PS2_WMBE_MSAA_FULLYLIT,Gen10LP,A0,20.97,syn,1,
PS2_WMBE_MSAA_PARTIALLYLIT,Gen10LP,A0,55.15,syn,1,
PS2_WMBE_NULLTOPSC,Gen10LP,A0,4.86,syn,1,
PS2_WMBE_NOMSAA_FULLYLIT,Gen10LP,A0,30.83,syn,1,
PS2_WMBE_ANTIALIASING,Gen10LP,A0,123.99,syn,1,
PS2_WMBE_NOMSAA_PARTIALLYLIT,Gen10LP,A0,55.15,syn,1,
PS0_HIZFE_DOP,Gen10LP,A0,0,syn,1,
PS0_HIZFE,Gen10LP,A0,2.45,syn,1,
PS1_HIZFE,Gen10LP,A0,7.08,syn,1,
PS2_HIZFE_Zonly_1lit_4x4_Pass_Ambig,Gen10LP,A0,0,syn,1,
PS2_HIZFE_Zonly_1lit_4x4_all_lit_Fail,Gen10LP,A0,0,syn,1,
PS2_HIZFE_Zonly_2lit_4x4_Pass_Ambig,Gen10LP,A0,0,syn,1,
PS2_HIZFE_Zonly_2lit_4x4_all_lit_Fail,Gen10LP,A0,0,syn,1,
PS2_HIZFE_Zonly_3lit_4x4_Pass_Ambig,Gen10LP,A0,0,syn,1,
PS2_HIZFE_Zonly_3lit_4x4_all_lit_Fail,Gen10LP,A0,0,syn,1,
PS2_HIZFE_Zonly_4lit_4x4_Pass_Ambig,Gen10LP,A0,0,syn,1,
PS2_HIZFE_Zonly_4lit_4x4_all_lit_Fail,Gen10LP,A0,0,syn,1,
PS2_HIZFE_ZSTC_1lit_4x4_Pass_Ambig,Gen10LP,A0,0,syn,1,
PS2_HIZFE_ZSTC_1lit_4x4_all_lit_Fail,Gen10LP,A0,0,syn,1,
PS2_HIZFE_ZSTC_2lit_4x4_Pass_Ambig,Gen10LP,A0,0,syn,1,
PS2_HIZFE_ZSTC_2lit_4x4_all_lit_Fail,Gen10LP,A0,0,syn,1,
PS2_HIZFE_ZSTC_3lit_4x4_Pass_Ambig,Gen10LP,A0,0,syn,1,
PS2_HIZFE_ZSTC_3lit_4x4_all_lit_Fail,Gen10LP,A0,0,syn,1,
PS2_HIZFE_ZSTC_4lit_4x4_Pass_Ambig,Gen10LP,A0,0,syn,1,
PS2_HIZFE_ZSTC_4lit_4x4_all_lit_Fail,Gen10LP,A0,0,syn,1,
PS2_HIZFE_Stencil_Only,Gen10LP,A0,0,syn,1,
PS2_HIZFE_Bypass,Gen10LP,A0,0,syn,1,
PS2_HIZFE_Clear_Ambiguate,Gen10LP,A0,0,syn,1,
PS2_HIZFE_Depth_Resolve,Gen10LP,A0,0,syn,1,
PS2_HIZFE_Zmarkers,Gen10LP,A0,0,syn,1,
PS2_HIZFE_CACHE_READ,Gen10LP,A0,0,ebb,1,
PS2_HIZFE_CACHE_WRITE,Gen10LP,A0,0,ebb,1,
PS2_HIZFE_LATFIFO_READ,Gen10LP,A0,0,syn,1,
PS2_HIZFE_LATFIFO_WRITE,Gen10LP,A0,0,syn,1,
PS0_HIZBE_DOP,Gen10LP,A0,0,syn,1,
PS0_HIZBE,Gen10LP,A0,6.19,syn,1,
PS1_HIZBE,Gen10LP,A0,17.87,syn,1,
PS2_HIZBE_Zonly_1lit_4x4_Pass_Ambig,Gen10LP,A0,36.4,syn,1,
PS2_HIZBE_Zonly_1lit_4x4_all_lit_Fail,Gen10LP,A0,36.4,syn,1,
PS2_HIZBE_Zonly_2lit_4x4_Pass_Ambig,Gen10LP,A0,36.4,syn,1,
PS2_HIZBE_Zonly_2lit_4x4_all_lit_Fail,Gen10LP,A0,36.4,syn,1,
PS2_HIZBE_Zonly_3lit_4x4_Pass_Ambig,Gen10LP,A0,0,syn,1,
PS2_HIZBE_Zonly_3lit_4x4_all_lit_Fail,Gen10LP,A0,0,syn,1,
PS2_HIZBE_Zonly_4lit_4x4_Pass_Ambig,Gen10LP,A0,5.77,syn,1,
PS2_HIZBE_Zonly_4lit_4x4_all_lit_Fail,Gen10LP,A0,5.77,syn,1,
PS2_HIZBE_ZSTC_1lit_4x4_Pass_Ambig,Gen10LP,A0,36.4,syn,1,
PS2_HIZBE_ZSTC_1lit_4x4_all_lit_Fail,Gen10LP,A0,36.4,syn,1,
PS2_HIZBE_ZSTC_2lit_4x4_Pass_Ambig,Gen10LP,A0,36.4,syn,1,
PS2_HIZBE_ZSTC_2lit_4x4_all_lit_Fail,Gen10LP,A0,36.4,syn,1,
PS2_HIZBE_ZSTC_3lit_4x4_Pass_Ambig,Gen10LP,A0,0,syn,1,
PS2_HIZBE_ZSTC_3lit_4x4_all_lit_Fail,Gen10LP,A0,0,syn,1,
PS2_HIZBE_ZSTC_4lit_4x4_Pass_Ambig,Gen10LP,A0,9.81,syn,1,
PS2_HIZBE_ZSTC_4lit_4x4_all_lit_Fail,Gen10LP,A0,72.83,syn,1,
PS2_HIZBE_Stencil_Only,Gen10LP,A0,30.26,syn,1,
PS2_HIZBE_Bypass,Gen10LP,A0,44.34,syn,1,
PS2_HIZBE_Clear_Ambiguate,Gen10LP,A0,72.83,syn,1,
PS2_HIZBE_Depth-Resolve,Gen10LP,A0,7.41,syn,1,
PS2_HIZBE_Zmarkers,Gen10LP,A0,0,syn,1,
PS0_STC_DOP,Gen10LP,A0,0,syn,1,
PS0_STC,Gen10LP,A0,3.32,syn,1,
PS1_STC,Gen10LP,A0,7.59,syn,1,
PS2_STC_ALLOC_HITS,Gen10LP,A0,36.4,syn,1,
PS2_STC_ALLOC_MISSES,Gen10LP,A0,36.4,syn,1,
PS2_STC_CACHE_READ,Gen10LP,A0,0,ebb,1,
PS2_STC_CACHE_WRITE,Gen10LP,A0,0,ebb,1,
PS0_IZ_DOP,Gen10LP,A0,0,syn,1,
PS0_IZ,Gen10LP,A0,5.77,syn,1,
PS1_IZ,Gen10LP,A0,9.81,syn,1,
PS2_IZ_NORMAL_DEPTHEN_PASS,Gen10LP,A0,72.83,syn,1,
PS2_IZ_CMP,Gen10LP,A0,30.26,syn,1,
PS2_IZ_NORMAL_DEPTHDIS,Gen10LP,A0,44.34,syn,1,
PS2_IZ_NORMAL_DEPTHEN_FAIL,Gen10LP,A0,72.83,syn,1,
PS2_IZ_ZMARKERS,Gen10LP,A0,7.41,syn,1,
PS2_IZ_BARYCOEFFIFO_READ,Gen10LP,A0,0,syn,1,
PS2_IZ_BARYCOEFFIFO_WRITE,Gen10LP,A0,0,syn,1,
PS2_IZ_LATFIFO_READ,Gen10LP,A0,0,syn,1,
PS2_IZ_LATFIFO_WRITE,Gen10LP,A0,0,syn,1,
PS2_IZ_POLYFIFO_READ,Gen10LP,A0,0,syn,1,
PS2_IZ_POLYFIFO_WRITE,Gen10LP,A0,0,syn,1,
PS2_IZ_WCOEFFIFO_READ,Gen10LP,A0,0,syn,1,
PS2_IZ_WCOEFFIFO_WRITE,Gen10LP,A0,0,syn,1,
PS2_IZ_ZCOEFFFIFO_READ,Gen10LP,A0,0,syn,1,
PS2_IZ_ZCOEFFFIFO_WRITE,Gen10LP,A0,0,syn,1,
PS0_MSC_DOP,Gen10LP,A0,0,syn,1,
PS0_MSC,Gen10LP,A0,2.23,syn,1,
PS1_MSC,Gen10LP,A0,7.88,syn,1,
PS2_MSC_MSAA_8PPC_DATA,Gen10LP,A0,15.87,syn,1,
PS2_MSC_NOMSAA_8PPC_CLEARRESOLVE,Gen10LP,A0,35.43,syn,1,
PS2_MSC_NOMSAA_8PPC_DATA,Gen10LP,A0,58.2,syn,1,
PS2_MSC_MSAA_4PPC_DATA,Gen10LP,A0,14.46,syn,1,
PS2_MSC_NOMSAA_4PPC_CLEARRESOLVE,Gen10LP,A0,34.33,syn,1,
PS2_MSC_NOMSAA_4PPC_DATA,Gen10LP,A0,53.43,syn,1,
PS2_MSC_CACHE_READ,Gen10LP,A0,0,ebb,1,
PS2_MSC_CACHE_WRITE,Gen10LP,A0,0,ebb,1,
PS0_RCZ_DOP,Gen10LP,A0,0,syn,1,
PS0_RCZ,Gen10LP,A0,4.69,syn,1,
PS1_RCZ,Gen10LP,A0,28.56,syn,1,
PS2_RCZ_ALLOC_HITS,Gen10LP,A0,91.34,syn,1,
PS2_RCZ_ALLOC_MISSES,Gen10LP,A0,91.34,syn,1,
PS2_RCZ_CACHE_READ,Gen10LP,A0,0,ebb,1,
PS2_RCZ_CACHE_WRITE,Gen10LP,A0,0,ebb,1,
PS0_RCC_DOP,Gen10LP,A0,0,syn,1,
PS0_RCC,Gen10LP,A0,3.35,syn,1,
PS1_RCC,Gen10LP,A0,8.1,syn,1,
PS2_RCC_ALLOC_HITS,Gen10LP,A0,63.36,syn,1,
PS2_RCC_ALLOC_MISSES,Gen10LP,A0,63.36,syn,1,
PS2_RCC_CACHE_READ,Gen10LP,A0,0,ebb,1,
PS2_RCC_CACHE_WRITE,Gen10LP,A0,0,ebb,1,
PS0_CC_DOP,Gen10LP,A0,0,syn,1,
PS0_CC,Gen10LP,A0,1.79,syn,1,
PS1_CC,Gen10LP,A0,6.76,syn,1,
PS2_CC_EN_WRITES,Gen10LP,A0,37.88,syn,1,
PS2_CC_EN_PARTIALS,Gen10LP,A0,24.26,syn,1,
PS2_CC_DIS,Gen10LP,A0,29.47,syn,1,
PS0_CPSS_DOP,Gen10LP,A0,0,syn,1,
PS0_CPSS,Gen10LP,A0,1.09,syn,1,
PS1_CPSS,Gen10LP,A0,1.23,syn,1,
PS2_CPSS_CPSDisstr,Gen10LP,A0,20.85,syn,1,
PS2_CPSS_CPSEnstr,Gen10LP,A0,30.85,syn,1,
PS2_CPSS_CPSEnPullstr,Gen10LP,A0,35.85,syn,1,
PS0_CPSSEbb_PQBuffer,Gen10LP,A0,0,ebb,1,
PS2_CPSSEbb_PQBuffer,Gen10LP,A0,0,ebb,1,
PS0_CPSSEbb_CPQBuffer,Gen10LP,A0,0,ebb,1,
PS2_CPSSEbb_CPQBuffer,Gen10LP,A0,0,ebb,1,
PS0_RCPFE_DOP,Gen10LP,A0,0,syn,1,
PS0_RCPFE,Gen10LP,A0,7.01,syn,1,
PS1_RCPFE,Gen10LP,A0,30.96,syn,1,
PS2_RCPFE_MSAA_2PPC_BLD_NOZFAIL,Gen10LP,A0,0,syn,1,
PS2_RCPFE_MSAA_2PPC_BLD_NOZPASS,Gen10LP,A0,0,syn,1,
PS2_RCPFE_MSAA_2PPC_BLD_ZFAIL,Gen10LP,A0,0,syn,1,
PS2_RCPFE_MSAA_2PPC_BLD_ZPASS,Gen10LP,A0,0,syn,1,
PS2_RCPFE_MSAA_2PPC_WRT_NOZFAIL,Gen10LP,A0,0,syn,1,
PS2_RCPFE_MSAA_2PPC_WRT_NOZPASS,Gen10LP,A0,0,syn,1,
PS2_RCPFE_MSAA_2PPC_WRT_ZFAIL,Gen10LP,A0,0,syn,1,
PS2_RCPFE_MSAA_2PPC_WRT_ZPASS,Gen10LP,A0,0,syn,1,
PS2_RCPFE_MSAA_4PPC_BLD_NOZFAIL,Gen10LP,A0,0,syn,1,
PS2_RCPFE_MSAA_4PPC_BLD_NOZPASS,Gen10LP,A0,0,syn,1,
PS2_RCPFE_MSAA_4PPC_BLD_ZFAIL,Gen10LP,A0,0,syn,1,
PS2_RCPFE_MSAA_4PPC_BLD_ZPASS,Gen10LP,A0,0,syn,1,
PS2_RCPFE_MSAA_4PPC_WRT_NOZFAIL,Gen10LP,A0,0,syn,1,
PS2_RCPFE_MSAA_4PPC_WRT_NOZPASS,Gen10LP,A0,0,syn,1,
PS2_RCPFE_MSAA_4PPC_WRT_ZFAIL,Gen10LP,A0,0,syn,1,
PS2_RCPFE_MSAA_4PPC_WRT_ZPASS,Gen10LP,A0,0,syn,1,
PS2_RCPFE_MSAA_8PPC_BLD_NOZFAIL,Gen10LP,A0,62.55,syn,1,
PS2_RCPFE_MSAA_8PPC_BLD_NOZPASS,Gen10LP,A0,62.55,syn,1,
PS2_RCPFE_MSAA_8PPC_BLD_ZFAIL,Gen10LP,A0,0,syn,1,
PS2_RCPFE_MSAA_8PPC_BLD_ZPASS,Gen10LP,A0,0,syn,1,
PS2_RCPFE_MSAA_8PPC_WRT_NOZFAIL,Gen10LP,A0,62.55,syn,1,
PS2_RCPFE_MSAA_8PPC_WRT_NOZPASS,Gen10LP,A0,62.55,syn,1,
PS2_RCPFE_MSAA_8PPC_WRT_ZFAIL,Gen10LP,A0,29.27,syn,1,
PS2_RCPFE_MSAA_8PPC_WRT_ZPASS,Gen10LP,A0,83.58,syn,1,
PS2_RCPFE_MSAA_RTR,Gen10LP,A0,0,syn,1,
PS2_RCPFE_NOMSAA_2PPC_BLD_NOZFAIL,Gen10LP,A0,0,syn,1,
PS2_RCPFE_NOMSAA_2PPC_BLD_NOZPASS,Gen10LP,A0,0,syn,1,
PS2_RCPFE_NOMSAA_2PPC_BLD_ZFAIL,Gen10LP,A0,0,syn,1,
PS2_RCPFE_NOMSAA_2PPC_BLD_ZPASS,Gen10LP,A0,0,syn,1,
PS2_RCPFE_NOMSAA_2PPC_WRT_NOZFAIL,Gen10LP,A0,0,syn,1,
PS2_RCPFE_NOMSAA_2PPC_WRT_NOZPASS,Gen10LP,A0,0,syn,1,
PS2_RCPFE_NOMSAA_2PPC_WRT_ZFAIL,Gen10LP,A0,0,syn,1,
PS2_RCPFE_NOMSAA_2PPC_WRT_ZPASS,Gen10LP,A0,0,syn,1,
PS2_RCPFE_NOMSAA_4PPC_BLD_NOZFAIL,Gen10LP,A0,0,syn,1,
PS2_RCPFE_NOMSAA_4PPC_BLD_NOZPASS,Gen10LP,A0,0,syn,1,
PS2_RCPFE_NOMSAA_4PPC_BLD_ZFAIL,Gen10LP,A0,0,syn,1,
PS2_RCPFE_NOMSAA_4PPC_BLD_ZPASS,Gen10LP,A0,0,syn,1,
PS2_RCPFE_NOMSAA_4PPC_WRT_NOZFAIL,Gen10LP,A0,0,syn,1,
PS2_RCPFE_NOMSAA_4PPC_WRT_NOZPASS,Gen10LP,A0,0,syn,1,
PS2_RCPFE_NOMSAA_4PPC_WRT_ZFAIL,Gen10LP,A0,0,syn,1,
PS2_RCPFE_NOMSAA_4PPC_WRT_ZPASS,Gen10LP,A0,0,syn,1,
PS2_RCPFE_NOMSAA_8PPC_BLD_NOZFAIL,Gen10LP,A0,62.55,syn,1,
PS2_RCPFE_NOMSAA_8PPC_BLD_NOZPASS,Gen10LP,A0,62.55,syn,1,
PS2_RCPFE_NOMSAA_8PPC_BLD_ZFAIL,Gen10LP,A0,29.27,syn,1,
PS2_RCPFE_NOMSAA_8PPC_BLD_ZPASS,Gen10LP,A0,0,syn,1,
PS2_RCPFE_NOMSAA_8PPC_WRT_NOZFAIL,Gen10LP,A0,62.55,syn,1,
PS2_RCPFE_NOMSAA_8PPC_WRT_NOZPASS,Gen10LP,A0,62.55,syn,1,
PS2_RCPFE_NOMSAA_8PPC_WRT_ZFAIL,Gen10LP,A0,29.27,syn,1,
PS2_RCPFE_NOMSAA_8PPC_WRT_ZPASS,Gen10LP,A0,83.58,syn,1,
PS2_RCPFE_NOMSAA_RTR,Gen10LP,A0,0,syn,1,
PS2_RCPFE_COLORLATFIFO_READ,Gen10LP,A0,0,syn,1,
PS2_RCPFE_COLORLATFIFO_WRITE,Gen10LP,A0,0,syn,1,
PS2_RCPFE_MCSLATFIFO_READ,Gen10LP,A0,0,syn,1,
PS2_RCPFE_MCSLATFIFO_WRITE,Gen10LP,A0,0,syn,1,
PS2_RCPFE_RCCLATFIFO_READ,Gen10LP,A0,0,syn,1,
PS2_RCPFE_RCCLATFIFO_WRITE,Gen10LP,A0,0,syn,1,
PS0_RCPBPIX_DOP,Gen10LP,A0,0,syn,1,
PS0_RCPBPIX,Gen10LP,A0,3.84,syn,1,
PS1_RCPBPIX,Gen10LP,A0,5.45,syn,1,
PS2_RCPBPIX_MSAA_2PPC_BLD,Gen10LP,A0,84.15,syn,1,
PS2_RCPBPIX_MSAA_2PPC_WRT,Gen10LP,A0,44.59,syn,1,
PS2_RCPBPIX_MSAA_4PPC_BLD,Gen10LP,A0,84.38,syn,1,
PS2_RCPBPIX_MSAA_4PPC_WRT,Gen10LP,A0,51.07,syn,1,
PS2_RCPBPIX_MSAA_8PPC_BLD,Gen10LP,A0,165.25,syn,1,
PS2_RCPBPIX_MSAA_8PPC_WRT,Gen10LP,A0,98.63,syn,1,
PS2_RCPBPIX_NOMSAA_2PPC_BLD,Gen10LP,A0,84.15,syn,1,
PS2_RCPBPIX_NOMSAA_2PPC_WRT,Gen10LP,A0,44.59,syn,1,
PS2_RCPBPIX_NOMSAA_4PPC_BLD,Gen10LP,A0,84.38,syn,1,
PS2_RCPBPIX_NOMSAA_4PPC_WRT,Gen10LP,A0,51.07,syn,1,
PS2_RCPBPIX_NOMSAA_8PPC_BLD,Gen10LP,A0,165.25,syn,1,
PS2_RCPBPIX_NOMSAA_8PPC_WRT,Gen10LP,A0,98.63,syn,1,
PS0_RCPBCOM_DOP,Gen10LP,A0,0,syn,1,
PS0_RCPBCOM,Gen10LP,A0,2.75,syn,1,
PS1_RCPBCOM,Gen10LP,A0,5.15,syn,1,
PS2_RCPBCOM_MSAA_2PPC_BLD,Gen10LP,A0,47.59,syn,1,
PS2_RCPBCOM_MSAA_2PPC_WRT,Gen10LP,A0,37.47,syn,1,
PS2_RCPBCOM_MSAA_4PPC_BLD,Gen10LP,A0,46.54,syn,1,
PS2_RCPBCOM_MSAA_4PPC_WRT,Gen10LP,A0,33.77,syn,1,
PS2_RCPBCOM_MSAA_8PPC_BLD,Gen10LP,A0,69.06,syn,1,
PS2_RCPBCOM_MSAA_8PPC_WRT,Gen10LP,A0,57.72,syn,1,
PS2_RCPBCOM_MSAA_RTR,Gen10LP,A0,1.6,syn,1,
PS2_RCPBCOM_NOMSAA_2PPC_BLD,Gen10LP,A0,47.59,syn,1,
PS2_RCPBCOM_NOMSAA_2PPC_WRT,Gen10LP,A0,37.47,syn,1,
PS2_RCPBCOM_NOMSAA_4PPC_BLD,Gen10LP,A0,46.54,syn,1,
PS2_RCPBCOM_NOMSAA_4PPC_WRT,Gen10LP,A0,33.77,syn,1,
PS2_RCPBCOM_NOMSAA_8PPC_BLD,Gen10LP,A0,69.06,syn,1,
PS2_RCPBCOM_NOMSAA_8PPC_WRT,Gen10LP,A0,57.72,syn,1,
PS2_RCPBCOM_NOMSAA_RTR,Gen10LP,A0,21.6,syn,1,
PS0_DAPB_DOP,Gen10LP,A0,0,syn,1,
PS0_DAPB,Gen10LP,A0,0.06,syn,1,
PS1_DAPB,Gen10LP,A0,4.64,syn,1,
PS2_DAPB_NOMSAA_RTR,Gen10LP,A0,25.31,syn,1,
PS2_DAPB_MSAA_RTR,Gen10LP,A0,0,syn,1,
PS2_DAPB_DIS,Gen10LP,A0,0,syn,1,
PS0_DAPRSC_DOP,Gen10LP,A0,0,syn,1,
PS0_DAPRSC,Gen10LP,A0,0.14,syn,1,
PS1_DAPRSC,Gen10LP,A0,11.2,syn,1,
PS2_DAPRSC,Gen10LP,A0,61.12,syn,1,
PS0_DAPRSS_DOP,Gen10LP,A0,0,syn,1,
PS0_DAPRSS,Gen10LP,A0,3.71,syn,1,
PS1_DAPRSS,Gen10LP,A0,10.15,syn,1,
PS2_DAPRSS_WRITEFLUSH,Gen10LP,A0,27.4,syn,1,
PS2_DAPRSS_RENDERTARGETWRITE,Gen10LP,A0,58.94,syn,1,
PS2_DAPRSS_CLEARRESOLVE,Gen10LP,A0,27.4,syn,1,
PS2_DAPRSS_RENDERTARGETREAD,Gen10LP,A0,44.66,syn,1,
PS2_DAPRSS_ELSE,Gen10LP,A0,27.4,syn,1,
PS0_DAPRSS_BYPASSRAM,Gen10LP,A0,0,syn,1,
PS2_DAPRSS_BYPASSRAM_READ,Gen10LP,A0,0,syn,1,
PS2_DAPRSS_BYPASSRAM_WRITE,Gen10LP,A0,0,syn,1,
PS0_BC_DOP,Gen10LP,A0,0,syn,1,
PS0_BC,Gen10LP,A0,2.62,syn,1,
PS1_BC,Gen10LP,A0,3.89,syn,1,
PS2_BC_COMPUTE,Gen10LP,A0,47.98,syn,1,
PS2_BC_FLOWTHROUGH,Gen10LP,A0,8.67,syn,1,
PS0_BC_BARYRAM,Gen10LP,A0,0,syn,1,
PS2_BC_BARYRAM_READ,Gen10LP,A0,0,syn,1,
PS2_BC_BARYRAM_WRITE,Gen10LP,A0,0,syn,1,
PS0_PSD_DOP,Gen10LP,A0,0,syn,1,
PS0_PSD,Gen10LP,A0,5.02,syn,1,
PS1_PSD,Gen10LP,A0,8.7,syn,1,
PS2_PSD_THREADDISPATCH,Gen10LP,A0,60.33,syn,1,
PS2_PSD_NOTHREADDISPATCH,Gen10LP,A0,27.45,syn,1,
PS2_PSD_WAITINGONFLUSH,Gen10LP,A0,11.8,syn,1,
PS0_PSD_SCOREBOARD,Gen10LP,A0,0,syn,1,
PS2_PSD_SCOREBOARD_READ,Gen10LP,A0,0,syn,1,
PS2_PSD_SCOREBOARD_WRITE,Gen10LP,A0,0,syn,1,
PS0_PSD_BARYPAYLDASMRAM,Gen10LP,A0,0,syn,1,
PS2_PSD_BARYPAYLDASMRAM_READ,Gen10LP,A0,0,syn,1,
PS2_PSD_BARYPAYLDASMRAM_WRITE,Gen10LP,A0,0,syn,1,
PS0_SBE_CALC_DOP,Gen10LP,A0,0,syn,1,
PS0_SBE_FETCH_DOP,Gen10LP,A0,0,syn,1,
PS0_SBE_REPLAY_DOP,Gen10LP,A0,0,syn,1,
PS0_SBE_OTHER_DOP,Gen10LP,A0,0,syn,1,
PS0_SBE_CALC,Gen10LP,A0,3.74,syn,1,
PS1_SBE_CALC,Gen10LP,A0,7.2,syn,1,
PS2_SBE_CALC,Gen10LP,A0,19.44,syn,1,
PS0_SBE_FETCH,Gen10LP,A0,1.86,syn,1,
PS1_SBE_FETCH,Gen10LP,A0,2.42,syn,1,
PS2_SBE_FETCH,Gen10LP,A0,9.66,syn,1,
PS0_SBE_REPLAY,Gen10LP,A0,2.3,syn,1,
PS1_SBE_REPLAY,Gen10LP,A0,3.54,syn,1,
PS2_SBE_REPLAY,Gen10LP,A0,8.75,syn,1,
PS0_SBE_OTHER,Gen10LP,A0,1.89,syn,1,
PS1_SBE_OTHER,Gen10LP,A0,2.48,syn,1,
PS2_SBE_OTHER,Gen10LP,A0,8.12,syn,1,
PS0_SDE_DOP,Gen10LP,A0,0,syn,1,
PS0_SDE,Gen10LP,A0,0.79,syn,1,
PS1_SDE,Gen10LP,A0,1.45,syn,1,
PS2_SDE_Culled,Gen10LP,A0,6.46,syn,1,
PS2_SDE_NotCulled,Gen10LP,A0,6.46,syn,1,
PS0_HPSBE_CALC_DOP,Gen10LP,A0,0,syn,1,
PS0_HPSBE_FETCH_DOP,Gen10LP,A0,0,syn,1,
PS0_HPSBE_REPLAY_DOP,Gen10LP,A0,0,syn,1,
PS0_HPSBE_OTHER_DOP,Gen10LP,A0,0,syn,1,
PS0_HPSBE_CALC,Gen10LP,A0,1.87,syn,1,
PS1_HPSBE_CALC,Gen10LP,A0,3.6,syn,1,
PS2_HPSBE_CALC,Gen10LP,A0,9.72,syn,1,
PS0_HPSBE_FETCH,Gen10LP,A0,0.93,syn,1,
PS1_HPSBE_FETCH,Gen10LP,A0,1.21,syn,1,
PS2_HPSBE_FETCH,Gen10LP,A0,4.83,syn,1,
PS0_HPSBE_REPLAY,Gen10LP,A0,1.15,syn,1,
PS1_HPSBE_REPLAY,Gen10LP,A0,1.77,syn,1,
PS2_HPSBE_REPLAY,Gen10LP,A0,4.38,syn,1,
PS0_HPSBE_OTHER,Gen10LP,A0,0.94,syn,1,
PS1_HPSBE_OTHER,Gen10LP,A0,1.24,syn,1,
PS2_HPSBE_OTHER,Gen10LP,A0,4.06,syn,1,
PS0_HPSDE_DOP,Gen10LP,A0,0,syn,1,
PS0_HPSDE,Gen10LP,A0,0.79,syn,1,
PS1_HPSDE,Gen10LP,A0,1.45,syn,1,
PS2_HPSDE_Culled,Gen10LP,A0,6.46,syn,1,
PS2_HPSDE_NotCulled,Gen10LP,A0,6.46,syn,1,
Slice_glue_logic_power,Gen10LP,A0,0,syn,1,
PS0_HDC_ReqCmd1_DOP,Gen10LP,A0,0,syn,1,
PS0_HDC_ReqCmd1,Gen10LP,A0,2.99,syn,1,
PS1_HDC_ReqCmd1,Gen10LP,A0,4.86,syn,1,
PS2_HDC_ReqCmd1_NonSequenced_Read,Gen10LP,A0,23.39,syn,1,
PS2_HDC_ReqCmd1_NonSequenced_Write,Gen10LP,A0,33.08,syn,1,
PS2_HDC_ReqCmd1_Sequenced_Else_Data_Read,Gen10LP,A0,18.86,syn,1,
PS2_HDC_ReqCmd1_Sequenced_Else_Data_Write,Gen10LP,A0,27.04,syn,1,
PS2_HDC_ReqCmd1_Sequenced_Else_SLM_Read,Gen10LP,A0,22.34,syn,1,
PS2_HDC_ReqCmd1_Sequenced_Else_SLM_Write,Gen10LP,A0,29.21,syn,1,
PS2_HDC_ReqCmd1_Sequenced_Typed_Read,Gen10LP,A0,45.82,syn,1,
PS2_HDC_ReqCmd1_Sequenced_Typed_Write,Gen10LP,A0,56.64,syn,1,
PS2_HDCREQCMD1_Other_GW_CPSS,Gen10LP,A0,12.74,syn,1,
PS0_HDC_ReqCmd2_DOP,Gen10LP,A0,0,syn,1,
PS0_HDC_ReqCmd2,Gen10LP,A0,4.14,syn,1,
PS1_HDC_ReqCmd2,Gen10LP,A0,7.14,syn,1,
PS2_HDC_ReqCmd2_NonSequenced_Read,Gen10LP,A0,49.38,syn,1,
PS2_HDC_ReqCmd2_NonSequenced_Write,Gen10LP,A0,48.96,syn,1,
PS2_HDC_ReqCmd2_Sequenced_Else_Data_Read,Gen10LP,A0,87.07,syn,1,
PS2_HDC_ReqCmd2_Sequenced_Else_Data_Write,Gen10LP,A0,110.28,syn,1,
PS2_HDC_ReqCmd2_Sequenced_Else_SLM_Read,Gen10LP,A0,71.32,syn,1,
PS2_HDC_ReqCmd2_Sequenced_Else_SLM_Write,Gen10LP,A0,83.12,syn,1,
PS2_HDC_ReqCmd2_Sequenced_Typed_Read,Gen10LP,A0,84.77,syn,1,
PS2_HDC_ReqCmd2_Sequenced_Typed_Write,Gen10LP,A0,53.38,syn,1,
PS0_HDC_ReqData_DOP,Gen10LP,A0,0,syn,1,
PS0_HDC_ReqData,Gen10LP,A0,1.53,syn,1,
PS1_HDC_ReqData,Gen10LP,A0,2.49,syn,1,
PS2_HDC_ReqData_NonSequenced_Write,Gen10LP,A0,20.16,syn,1,
PS2_HDC_ReqData_Sequenced_Else_Data_Write,Gen10LP,A0,40.34,syn,1,
PS2_HDC_ReqData_Sequenced_Else_SLM_Write,Gen10LP,A0,51.13,syn,1,
PS2_HDC_ReqData_Sequenced_Typed_Write,Gen10LP,A0,41.49,syn,1,
PS0_HDCRET1_DOP,Gen10LP,A0,0,syn,1,
PS0_HDCRET1,Gen10LP,A0,1.7,syn,1,
PS1_HDCRET1,Gen10LP,A0,2.47,syn,1,
PS2_HDCRET1_Message,Gen10LP,A0,37.57,syn,1,
PS2_HDCRET1_MediaBlock,Gen10LP,A0,27.93,syn,1,
PS0_HDCRET2_DOP,Gen10LP,A0,0,syn,1,
PS0_HDCRET2,Gen10LP,A0,1.59,syn,1,
PS1_HDCRET2,Gen10LP,A0,2.31,syn,1,
PS2_HDCRET2_Message,Gen10LP,A0,41.39,syn,1,
PS2_HDCRET2_Other_GW_DAPB,Gen10LP,A0,10.97,syn,1,
PS2_HDCRET2_MediaBlock,Gen10LP,A0,26.13,syn,1,
PS0_HDCTLB_DOP,Gen10LP,A0,0,syn,1,
PS0_HDCTLB,Gen10LP,A0,4.99,syn,1,
PS1_HDCTLB,Gen10LP,A0,13.69,syn,1,
PS2_HDCTLB_Read_Hit,Gen10LP,A0,18.62,syn,1,
PS2_HDCTLB_Read_Miss,Gen10LP,A0,15.32,syn,1,
PS2_HDCTLB_Write_Hit,Gen10LP,A0,35.12,syn,1,
PS2_HDCTLB_Write_Miss,Gen10LP,A0,21.36,syn,1,
PS0_HDCL1_DOP,Gen10LP,A0,0,syn,1,
PS0_HDCL1,Gen10LP,A0,2.47,syn,1,
PS1_HDCL1,Gen10LP,A0,6.78,syn,1,
PS2_HDCL1_ReadHit,Gen10LP,A0,9.22,syn,1,
PS2_HDCL1_ReadMiss,Gen10LP,A0,7.59,syn,1,
PS2_HDCL1_Write_invalid,Gen10LP,A0,5.76,syn,1,
PS2_HDCL1_Bypass,Gen10LP,A0,4.76,syn,1,
PS0_HDC_HDCL1EBB,Gen10LP,A0,0,ebb,1,
PS2_HDC_HDCL1EBB_Read,Gen10LP,A0,0,ebb,1,
PS2_HDC_HDCL1EBB_Write,Gen10LP,A0,0,ebb,1,
hdc_glue_logic_power,Gen10LP,A0,0,syn,1,
PS0_LTCD_Data,Gen10LP,A0,7.46,syn,1,
PS1_LTCD_Data,Gen10LP,A0,15.49,syn,1,
PS2_LTCD_Data_NonSLM_ECC_TagRead,Gen10LP,A0,52.75,syn,1,
PS2_LTCD_Data_NonSLM_ECC_TagWrite,Gen10LP,A0,73.57,syn,1,
PS2_LTCD_Data_SLM_ECC_NoTagRead,Gen10LP,A0,62.56,syn,1,
PS2_LTCD_Data_SLM_ECC_NoTagWrite,Gen10LP,A0,64.38,syn,1,
PS2_LTCD_Data_NonSLM_ECC_NoTagRead,Gen10LP,A0,20.99,syn,1,
PS2_LTCD_Data_NonSLM_ECC_NoTagWrite,Gen10LP,A0,31.42,syn,1,
PS0_LTCD_EBB,Gen10LP,A0,0,ebb,1,
PS1_LTCD_EBB,Gen10LP,A0,0,ebb,1,
PS2_LTCD_EBB_HB_Read,Gen10LP,A0,0,ebb,1,
PS2_LTCD_EBB_HB_Write,Gen10LP,A0,0,ebb,1,
PS2_LTCD_EBB_Read,Gen10LP,A0,0,ebb,1,
PS2_LTCD_EBB_Write,Gen10LP,A0,0,ebb,1,
PS0_LTCD_Tag,Gen10LP,A0,4.1,syn,1,
PS1_LTCD_Tag,Gen10LP,A0,7.5,syn,1,
PS2_LTCD_Tag_NonSLM_ECC_TagRead,Gen10LP,A0,77.47,syn,1,
PS2_LTCD_Tag_NonSLM_ECC_TagWrite,Gen10LP,A0,79.82,syn,1,
PS0_LSQD,Gen10LP,A0,1.08,syn,1,
PS1_LSQD,Gen10LP,A0,29.86,syn,1,
PS2_LSQD_nonatomics,Gen10LP,A0,76.52,syn,1,
PS2_LSQD_atomics,Gen10LP,A0,104.07,syn,1,
PS0_LSQC,Gen10LP,A0,3.32,syn,1,
PS1_LSQC,Gen10LP,A0,23.38,syn,1,
PS2_LSQC,Gen10LP,A0,32.9,syn,1,
PS0_LTCC,Gen10LP,A0,0.42,syn,1,
PS1_LTCC,Gen10LP,A0,1.53,syn,1,
PS2_LTCC,Gen10LP,A0,1.53,syn,1,
PS0_LSLM,Gen10LP,A0,0.97,syn,1,
PS1_LSLM,Gen10LP,A0,12.44,syn,1,
PS2_LSLM_Atomics_read,Gen10LP,A0,59.66,syn,1,
PS2_LSLM_Atomics_write,Gen10LP,A0,59.66,syn,1,
PS2_LSLM_NonAtomics_read,Gen10LP,A0,40.51,syn,1,
PS2_LSLM_NonAtomics_write,Gen10LP,A0,46.54,syn,1,
PS0_LNE,Gen10LP,A0,11.76,syn,1,
PS1_LNE,Gen10LP,A0,39.77,syn,1,
PS2_LNE_OneSlice,Gen10LP,A0,157.38,syn,1,
PS2_LNE_MultiSlice,Gen10LP,A0,0,syn,1,
PS0_LNI,Gen10LP,A0,17.92,syn,1,
PS1_LNI,Gen10LP,A0,36.6,syn,1,
PS2_LNI,Gen10LP,A0,134.5,syn,1,
PS0_LSN,Gen10LP,A0,16.29,syn,1,
PS1_LSN_XSLDN_CMD,Gen10LP,A0,0,syn,1,
PS2_LSN_XSLDN_CMD,Gen10LP,A0,0,syn,1,
PS1_LSN_XSLDN_DATA,Gen10LP,A0,0,syn,1,
PS2_LSN_XSLDN_DATA,Gen10LP,A0,0,syn,1,
PS1_LSN_XSLUP_CMD,Gen10LP,A0,0,syn,1,
PS2_LSN_XSLUP_CMD,Gen10LP,A0,0,syn,1,
PS1_LSN_XSLUP_DATA,Gen10LP,A0,0,syn,1,
PS2_LSN_XSLUP_DATA,Gen10LP,A0,0,syn,1,
PS1_LSN_LNI_CMD,Gen10LP,A0,0,syn,1,
PS2_LSN_LNI_CMD,Gen10LP,A0,0,syn,1,
PS1_LSN_LNI_DATA,Gen10LP,A0,0,syn,1,
PS2_LSN_LNI_DATA,Gen10LP,A0,0,syn,1,
PS1_LSN_LNE_DATA,Gen10LP,A0,0,syn,1,
PS2_LSN_LNE_DATA,Gen10LP,A0,0,syn,1,
PS1_LSN_LNE_CMD,Gen10LP,A0,0,syn,1,
PS2_LSN_LNE_CMD,Gen10LP,A0,0,syn,1,
PS1_LSN_GAPS_CMD,Gen10LP,A0,0,syn,1,
PS1_LSN_GAPS_DATA,Gen10LP,A0,33.28,syn,1,
PS2_LSN_GAPS_CMD,Gen10LP,A0,122.29,syn,1,
PS2_LSN_GAPS_DATA,Gen10LP,A0,0,syn,1,
PS0_LBCF,Gen10LP,A0,0.33,syn,1,
PS1_LBCF,Gen10LP,A0,0.29,syn,1,
PS2_LBCF,Gen10LP,A0,0.8,syn,1,
PS0_LBS,Gen10LP,A0,0.32,syn,1,
PS1_LBS,Gen10LP,A0,1.59,syn,1,
PS2_LBS,Gen10LP,A0,1.45,syn,1,
PS0_LNS,Gen10LP,A0,0.65,syn,1,
PS1_LNS,Gen10LP,A0,1.32,syn,1,
PS2_LNS,Gen10LP,A0,4.86,syn,1,
PS0_LTISEQ,Gen10LP,A0,0.58,syn,1,
PS1_LTISEQ,Gen10LP,A0,1.19,syn,1,
PS2_LTISEQ,Gen10LP,A0,4.39,syn,1,
PS0_LPFC,Gen10LP,A0,0.49,syn,1,
PS1_LPFC,Gen10LP,A0,1.01,syn,1,
PS2_LPFC,Gen10LP,A0,3.71,syn,1,
PS0_LPFCSL,Gen10LP,A0,0.69,syn,1,
PS1_LPFCSL,Gen10LP,A0,1.41,syn,1,
PS2_LPFCSL,Gen10LP,A0,5.18,syn,1,
PS0_LNCF,Gen10LP,A0,0.2,syn,1,
PS1_LNCF,Gen10LP,A0,0.4,syn,1,
PS2_LNCF,Gen10LP,A0,1.49,syn,1,
PS0_LTISEQSL,Gen10LP,A0,0.05,syn,1,
PS1_LTISEQSL,Gen10LP,A0,0.11,syn,1,
PS2_LTISEQSL,Gen10LP,A0,0.4,syn,1,
L3_glue_power,Gen10LP,A0,0,syn,1,
PS0_GACB,Gen10LP,A0,4.87,syn,1,
PS1_GACB,Gen10LP,A0,9.1,syn,1,
PS2_GACB,Gen10LP,A0,12.58,syn,1,
PS0_GAFM,Gen10LP,A0,2,syn,1,
PS1_GAFM,Gen10LP,A0,2.3,syn,1,
PS2_GAFM,Gen10LP,A0,4.4,syn,1,
PS0_GAFS,Gen10LP,A0,8.17,syn,1,
PS1_GAFS,Gen10LP,A0,26.33,syn,1,
PS2_GAFS_ONLYRD,Gen10LP,A0,101.54,syn,1,
PS2_GAFS_ONLYWR,Gen10LP,A0,0,syn,1,
PS2_GAFS_RDWR,Gen10LP,A0,0,syn,1,
PS0_GAMD,Gen10LP,A0,24.58,syn,1,
PS1_GAMD,Gen10LP,A0,26.39,syn,1,
PS2_GAMD_READ,Gen10LP,A0,51.56,syn,1,
PS2_GAMD_WRITE,Gen10LP,A0,51.26,syn,1,
PS2_GAMD_READ_MEDIAMMCD,Gen10LP,A0,55.52,syn,1,
PS2_GAMD_WRITE_MEDIAMMCD,Gen10LP,A0,63.32,syn,1,
PS2_GAMD_Cache_READ,Gen10LP,A0,0,ebb,1,
PS2_GAMD_Cache_WRITE,Gen10LP,A0,0,ebb,1,
PS0_GAMTG,Gen10LP,A0,11.74,syn,1,
PS1_GAMTG,Gen10LP,A0,11.71,syn,1,
PS2_GAMTG_Hit,Gen10LP,A0,20.78,syn,1,
PS2_GAMTG_Miss,Gen10LP,A0,23.06,syn,1,
PS2_GAMTG_Bypass,Gen10LP,A0,0,syn,1,
PS2_GAMTG_HitNotPresent,Gen10LP,A0,0,syn,1,
PS0_GAMTG_L3TLBEBB,Gen10LP,A0,0,ebb,1,
PS2_GAMTG_L3TLBEBB_READ,Gen10LP,A0,0,ebb,1,
PS2_GAMTG_L3TLBEBB_WRITE,Gen10LP,A0,0,ebb,1,
PS0_GAMTG_CVSTLBEBB,Gen10LP,A0,0,ebb,1,
PS2_GAMTG_CVSTLBEBB_READ,Gen10LP,A0,0,ebb,1,
PS2_GAMTG_CVSTLBEBB_WRITE,Gen10LP,A0,0,ebb,1,
PS0_GAMTO,Gen10LP,A0,33.49,syn,1,
PS1_GAMTO,Gen10LP,A0,31.05,syn,1,
PS2_GAMTO_Hit,Gen10LP,A0,34.2,syn,1,
PS2_GAMTO_Miss,Gen10LP,A0,33.97,syn,1,
PS2_GAMTO_Bypass,Gen10LP,A0,0,syn,1,
PS2_GAMTO_HitNotPresent,Gen10LP,A0,0,syn,1,
PS0_GAMTO_MFXEBB,Gen10LP,A0,0,ebb,1,
PS2_GAMTO_MFXEBB_READ,Gen10LP,A0,0,ebb,1,
PS2_GAMTO_MFXEBB_WRITE,Gen10LP,A0,0,ebb,1,
PS0_GAMTO_VEBXTLBEBB,Gen10LP,A0,0,ebb,1,
PS2_GAMTO_VEBXTLBEBB_READ,Gen10LP,A0,0,ebb,1,
PS2_GAMTO_VEBXTLBEBB_WRITE,Gen10LP,A0,0,ebb,1,
PS0_GAMTO_BWGTLBEBB,Gen10LP,A0,0,ebb,1,
PS2_GAMTO_BWGTLBEBB_READ,Gen10LP,A0,0,ebb,1,
PS2_GAMTO_BWGTLBEBB_WRITE,Gen10LP,A0,0,ebb,1,
PS0_GAMWC,Gen10LP,A0,18.61,syn,1,
PS1_GAMWC,Gen10LP,A0,20.86,syn,1,
PS2_GAMWC_Read_Hit,Gen10LP,A0,17.28,syn,1,
PS2_GAMWC_Write_hit,Gen10LP,A0,28.11,syn,1,
PS2_GAMWC_Hit_on_Miss,Gen10LP,A0,31.13,syn,1,
PS0_GAMWC_PENDQEBB,Gen10LP,A0,0,ebb,1,
PS2_GAMWC_PENDQEBB_READ,Gen10LP,A0,0,ebb,1,
PS2_GAMWC_PENDQEBB_WRITE,Gen10LP,A0,0,ebb,1,
PS0_GAMWD,Gen10LP,A0,12.47,syn,1,
PS1_GAMWD,Gen10LP,A0,12.83,syn,1,
PS2_GAMWD_MISS,Gen10LP,A0,33.8,syn,1,
PS0_GAMWD_WRKPDEBB,Gen10LP,A0,0,ebb,1,
PS2_GAMWD_WRKPD_READ,Gen10LP,A0,0,syn,1,
PS2_GAMWD_WRKPD_WRITE,Gen10LP,A0,0,syn,1,
PS0_GAMVTD,Gen10LP,A0,2.92,syn,1,
PS1_GAMVTD,Gen10LP,A0,2.92,syn,1,
PS2_GAMVTD,Gen10LP,A0,12.89,syn,1,
PS0_GAPC,Gen10LP,A0,1.03,syn,1,
PS1_GAPC,Gen10LP,A0,1.93,syn,1,
PS2_GAPC,Gen10LP,A0,2.67,syn,1,
PS0_GAPS,Gen10LP,A0,4.42,syn,1,
PS1_GAPS,Gen10LP,A0,9.93,syn,1,
PS2_GAPS,Gen10LP,A0,13.52,syn,1,
PS0_GAPZ,Gen10LP,A0,1.63,syn,1,
PS1_GAPZ,Gen10LP,A0,2.31,syn,1,
PS2_GAPZ,Gen10LP,A0,4.05,syn,1,
PS0_GASS,Gen10LP,A0,0.67,syn,1,
PS1_GASS,Gen10LP,A0,1.26,syn,1,
PS2_GASS,Gen10LP,A0,1.74,syn,1,
PS0_SARB,Gen10LP,A0,4.15,syn,1,
PS1_SARB,Gen10LP,A0,7.76,syn,1,
PS2_SARB,Gen10LP,A0,10.73,syn,1,
PS0_GACFG,Gen10LP,A0,0.81,syn,1,
PS1_GACFG,Gen10LP,A0,1.52,syn,1,
PS2_GACFG,Gen10LP,A0,2.11,syn,1,
PS0_GAV,Gen10LP,A0,1.16,syn,1,
PS1_GAV,Gen10LP,A0,2.17,syn,1,
PS2_GAV,Gen10LP,A0,3,syn,1,
PS0_GAC,Gen10LP,A0,1.8,syn,1,
PS1_GAC,Gen10LP,A0,3.36,syn,1,
PS2_GAC,Gen10LP,A0,4.64,syn,1,
PS0_GAB,Gen10LP,A0,1.55,syn,1,
PS1_GAB,Gen10LP,A0,2.89,syn,1,
PS2_GAB,Gen10LP,A0,3.99,syn,1,
PS0_GACX,Gen10LP,A0,1.32,syn,1,
PS1_GACX,Gen10LP,A0,2.47,syn,1,
PS2_GACX,Gen10LP,A0,3.41,syn,1,
Gam_glue_power,Gen10LP,A0,0,syn,1,
EM_add_floatbypass_10%,Gen10LP,A0,13.49841346,syn,1,
EM_add_floatbypass_20%,Gen10LP,A0,13.49841346,syn,1,
EM_add_floatbypass_30%,Gen10LP,A0,13.49841346,syn,1,
EM_add_floatbypass_40%,Gen10LP,A0,13.49841346,syn,1,
EM_add_floatbypass_55%,Gen10LP,A0,13.49841346,syn,1,
EM_add_fp16_10%,Gen10LP,A0,22.83841346,syn,1,
EM_add_fp16_20%,Gen10LP,A0,22.83841346,syn,1,
EM_add_fp16_30%,Gen10LP,A0,22.83841346,syn,1,
EM_add_fp16_40%,Gen10LP,A0,22.83841346,syn,1,
EM_add_fp16_55%,Gen10LP,A0,22.83841346,syn,1,
EM_add_fp32_10%,Gen10LP,A0,24.25841346,syn,1,
EM_add_fp32_20%,Gen10LP,A0,24.25841346,syn,1,
EM_add_fp32_30%,Gen10LP,A0,24.25841346,syn,1,
EM_add_fp32_40%,Gen10LP,A0,24.25841346,syn,1,
EM_add_fp32_55%,Gen10LP,A0,24.25841346,syn,1,
EM_add_fp64_10%,Gen10LP,A0,19.43841346,syn,1,
EM_add_fp64_20%,Gen10LP,A0,19.43841346,syn,1,
EM_add_fp64_30%,Gen10LP,A0,19.43841346,syn,1,
EM_add_fp64_40%,Gen10LP,A0,19.43841346,syn,1,
EM_add_fp64_55%,Gen10LP,A0,19.43841346,syn,1,
EM_add_int16_10%,Gen10LP,A0,16.43841346,syn,1,
EM_add_int16_20%,Gen10LP,A0,16.43841346,syn,1,
EM_add_int16_30%,Gen10LP,A0,16.43841346,syn,1,
EM_add_int16_40%,Gen10LP,A0,16.43841346,syn,1,
EM_add_int16_55%,Gen10LP,A0,16.43841346,syn,1,
EM_add_int32_10%,Gen10LP,A0,17.22841346,syn,1,
EM_add_int32_20%,Gen10LP,A0,17.22841346,syn,1,
EM_add_int32_30%,Gen10LP,A0,17.22841346,syn,1,
EM_add_int32_40%,Gen10LP,A0,17.22841346,syn,1,
EM_add_int32_55%,Gen10LP,A0,17.22841346,syn,1,
EM_add_int64_10%,Gen10LP,A0,16.99841346,syn,1,
EM_add_int64_20%,Gen10LP,A0,16.99841346,syn,1,
EM_add_int64_30%,Gen10LP,A0,16.99841346,syn,1,
EM_add_int64_40%,Gen10LP,A0,16.99841346,syn,1,
EM_add_int64_55%,Gen10LP,A0,16.99841346,syn,1,
EM_add_intbypass_10%,Gen10LP,A0,9.658413464,syn,1,
EM_add_intbypass_20%,Gen10LP,A0,9.658413464,syn,1,
EM_add_intbypass_30%,Gen10LP,A0,9.658413464,syn,1,
EM_add_intbypass_40%,Gen10LP,A0,9.658413464,syn,1,
EM_add_intbypass_55%,Gen10LP,A0,9.658413464,syn,1,
EM_cmp_floatbypass_10%,Gen10LP,A0,3.958413464,syn,1,
EM_cmp_floatbypass_20%,Gen10LP,A0,3.958413464,syn,1,
EM_cmp_floatbypass_30%,Gen10LP,A0,3.958413464,syn,1,
EM_cmp_floatbypass_40%,Gen10LP,A0,3.958413464,syn,1,
EM_cmp_floatbypass_55%,Gen10LP,A0,3.958413464,syn,1,
EM_cmp_fp16_10%,Gen10LP,A0,14.00841346,syn,1,
EM_cmp_fp16_20%,Gen10LP,A0,14.00841346,syn,1,
EM_cmp_fp16_30%,Gen10LP,A0,14.00841346,syn,1,
EM_cmp_fp16_40%,Gen10LP,A0,14.00841346,syn,1,
EM_cmp_fp16_55%,Gen10LP,A0,14.00841346,syn,1,
EM_cmp_fp32_10%,Gen10LP,A0,17.47841346,syn,1,
EM_cmp_fp32_20%,Gen10LP,A0,17.47841346,syn,1,
EM_cmp_fp32_30%,Gen10LP,A0,17.47841346,syn,1,
EM_cmp_fp32_40%,Gen10LP,A0,17.47841346,syn,1,
EM_cmp_fp32_55%,Gen10LP,A0,17.47841346,syn,1,
EM_cmp_fp64_10%,Gen10LP,A0,18.49841346,syn,1,
EM_cmp_fp64_20%,Gen10LP,A0,18.49841346,syn,1,
EM_cmp_fp64_30%,Gen10LP,A0,18.49841346,syn,1,
EM_cmp_fp64_40%,Gen10LP,A0,18.49841346,syn,1,
EM_cmp_fp64_55%,Gen10LP,A0,18.49841346,syn,1,
EM_cmp_int16_10%,Gen10LP,A0,16.54841346,syn,1,
EM_cmp_int16_20%,Gen10LP,A0,16.54841346,syn,1,
EM_cmp_int16_30%,Gen10LP,A0,16.54841346,syn,1,
EM_cmp_int16_40%,Gen10LP,A0,16.54841346,syn,1,
EM_cmp_int16_55%,Gen10LP,A0,16.54841346,syn,1,
EM_cmp_int32_10%,Gen10LP,A0,15.32841346,syn,1,
EM_cmp_int32_20%,Gen10LP,A0,15.32841346,syn,1,
EM_cmp_int32_30%,Gen10LP,A0,15.32841346,syn,1,
EM_cmp_int32_40%,Gen10LP,A0,15.32841346,syn,1,
EM_cmp_int32_55%,Gen10LP,A0,15.32841346,syn,1,
EM_cmp_int64_10%,Gen10LP,A0,14.95841346,syn,1,
EM_cmp_int64_20%,Gen10LP,A0,14.95841346,syn,1,
EM_cmp_int64_30%,Gen10LP,A0,14.95841346,syn,1,
EM_cmp_int64_40%,Gen10LP,A0,14.95841346,syn,1,
EM_cmp_int64_55%,Gen10LP,A0,14.95841346,syn,1,
EM_cmp_intbypass_10%,Gen10LP,A0,3.528413464,syn,1,
EM_cmp_intbypass_20%,Gen10LP,A0,3.528413464,syn,1,
EM_cmp_intbypass_30%,Gen10LP,A0,3.528413464,syn,1,
EM_cmp_intbypass_40%,Gen10LP,A0,3.528413464,syn,1,
EM_cmp_intbypass_55%,Gen10LP,A0,3.528413464,syn,1,
EM_mac_floatbypass_10%,Gen10LP,A0,21.86841346,syn,1,
EM_mac_floatbypass_20%,Gen10LP,A0,21.86841346,syn,1,
EM_mac_floatbypass_30%,Gen10LP,A0,21.86841346,syn,1,
EM_mac_floatbypass_40%,Gen10LP,A0,21.86841346,syn,1,
EM_mac_floatbypass_55%,Gen10LP,A0,21.86841346,syn,1,
EM_mac_fp16_10%,Gen10LP,A0,18.98841346,syn,1,
EM_mac_fp16_20%,Gen10LP,A0,18.98841346,syn,1,
EM_mac_fp16_30%,Gen10LP,A0,18.98841346,syn,1,
EM_mac_fp16_40%,Gen10LP,A0,18.98841346,syn,1,
EM_mac_fp16_55%,Gen10LP,A0,18.98841346,syn,1,
EM_mac_fp32_10%,Gen10LP,A0,21.86841346,syn,1,
EM_mac_fp32_20%,Gen10LP,A0,21.86841346,syn,1,
EM_mac_fp32_30%,Gen10LP,A0,21.86841346,syn,1,
EM_mac_fp32_40%,Gen10LP,A0,21.86841346,syn,1,
EM_mac_fp32_55%,Gen10LP,A0,21.86841346,syn,1,
EM_mac_fp64_10%,Gen10LP,A0,19.30841346,syn,1,
EM_mac_fp64_20%,Gen10LP,A0,19.30841346,syn,1,
EM_mac_fp64_30%,Gen10LP,A0,19.30841346,syn,1,
EM_mac_fp64_40%,Gen10LP,A0,19.30841346,syn,1,
EM_mac_fp64_55%,Gen10LP,A0,19.30841346,syn,1,
EM_mac_int16_10%,Gen10LP,A0,32.13841346,syn,1,
EM_mac_int16_20%,Gen10LP,A0,32.13841346,syn,1,
EM_mac_int16_30%,Gen10LP,A0,32.13841346,syn,1,
EM_mac_int16_40%,Gen10LP,A0,32.13841346,syn,1,
EM_mac_int16_55%,Gen10LP,A0,32.13841346,syn,1,
EM_mac_int32_10%,Gen10LP,A0,0,syn,1,
EM_mac_int32_20%,Gen10LP,A0,0,syn,1,
EM_mac_int32_30%,Gen10LP,A0,0,syn,1,
EM_mac_int32_40%,Gen10LP,A0,0,syn,1,
EM_mac_int32_55%,Gen10LP,A0,0,syn,1,
EM_mac_int64_10%,Gen10LP,A0,0,syn,1,
EM_mac_int64_20%,Gen10LP,A0,0,syn,1,
EM_mac_int64_30%,Gen10LP,A0,0,syn,1,
EM_mac_int64_40%,Gen10LP,A0,0,syn,1,
EM_mac_int64_55%,Gen10LP,A0,0,syn,1,
EM_mac_intbypass_10%,Gen10LP,A0,32.13841346,syn,1,
EM_mac_intbypass_20%,Gen10LP,A0,32.13841346,syn,1,
EM_mac_intbypass_30%,Gen10LP,A0,32.13841346,syn,1,
EM_mac_intbypass_40%,Gen10LP,A0,32.13841346,syn,1,
EM_mac_intbypass_55%,Gen10LP,A0,32.13841346,syn,1,
EM_mad_floatbypass_10%,Gen10LP,A0,15.74841346,syn,1,
EM_mad_floatbypass_20%,Gen10LP,A0,15.74841346,syn,1,
EM_mad_floatbypass_30%,Gen10LP,A0,15.74841346,syn,1,
EM_mad_floatbypass_40%,Gen10LP,A0,15.74841346,syn,1,
EM_mad_floatbypass_55%,Gen10LP,A0,15.74841346,syn,1,
EM_mad_fp16_10%,Gen10LP,A0,28.56841346,syn,1,
EM_mad_fp16_20%,Gen10LP,A0,28.56841346,syn,1,
EM_mad_fp16_30%,Gen10LP,A0,28.56841346,syn,1,
EM_mad_fp16_40%,Gen10LP,A0,28.56841346,syn,1,
EM_mad_fp16_55%,Gen10LP,A0,28.56841346,syn,1,
EM_mad_fp32_10%,Gen10LP,A0,39.29841346,syn,1,
EM_mad_fp32_20%,Gen10LP,A0,39.29841346,syn,1,
EM_mad_fp32_30%,Gen10LP,A0,39.29841346,syn,1,
EM_mad_fp32_40%,Gen10LP,A0,39.29841346,syn,1,
EM_mad_fp32_55%,Gen10LP,A0,39.29841346,syn,1,
EM_mad_fp64_10%,Gen10LP,A0,39.93841346,syn,1,
EM_mad_fp64_20%,Gen10LP,A0,39.93841346,syn,1,
EM_mad_fp64_30%,Gen10LP,A0,39.93841346,syn,1,
EM_mad_fp64_40%,Gen10LP,A0,39.93841346,syn,1,
EM_mad_fp64_55%,Gen10LP,A0,39.93841346,syn,1,
EM_mad_int16_10%,Gen10LP,A0,0.578413464,syn,1,
EM_mad_int16_20%,Gen10LP,A0,0.578413464,syn,1,
EM_mad_int16_30%,Gen10LP,A0,0.578413464,syn,1,
EM_mad_int16_40%,Gen10LP,A0,0.578413464,syn,1,
EM_mad_int16_55%,Gen10LP,A0,0.578413464,syn,1,
EM_mad_int32_10%,Gen10LP,A0,0,syn,1,
EM_mad_int32_20%,Gen10LP,A0,0,syn,1,
EM_mad_int32_30%,Gen10LP,A0,0,syn,1,
EM_mad_int32_40%,Gen10LP,A0,0,syn,1,
EM_mad_int32_55%,Gen10LP,A0,0,syn,1,
EM_mad_int64_10%,Gen10LP,A0,0,syn,1,
EM_mad_int64_20%,Gen10LP,A0,0,syn,1,
EM_mad_int64_30%,Gen10LP,A0,0,syn,1,
EM_mad_int64_40%,Gen10LP,A0,0,syn,1,
EM_mad_int64_55%,Gen10LP,A0,0,syn,1,
EM_mad_intbypass_10%,Gen10LP,A0,0.578413464,syn,1,
EM_mad_intbypass_20%,Gen10LP,A0,0.578413464,syn,1,
EM_mad_intbypass_30%,Gen10LP,A0,0.578413464,syn,1,
EM_mad_intbypass_40%,Gen10LP,A0,0.578413464,syn,1,
EM_mad_intbypass_55%,Gen10LP,A0,0.578413464,syn,1,
EM_mov_bypass_10%,Gen10LP,A0,9.248413464,syn,1,
EM_mov_bypass_20%,Gen10LP,A0,9.248413464,syn,1,
EM_mov_bypass_30%,Gen10LP,A0,9.248413464,syn,1,
EM_mov_bypass_40%,Gen10LP,A0,9.248413464,syn,1,
EM_mov_bypass_55%,Gen10LP,A0,9.248413464,syn,1,
EM_mov_fp16_10%,Gen10LP,A0,9.248413464,syn,1,
EM_mov_fp16_20%,Gen10LP,A0,9.248413464,syn,1,
EM_mov_fp16_30%,Gen10LP,A0,9.248413464,syn,1,
EM_mov_fp16_40%,Gen10LP,A0,9.248413464,syn,1,
EM_mov_fp16_55%,Gen10LP,A0,9.248413464,syn,1,
EM_mov_fp32_10%,Gen10LP,A0,8.628413464,syn,1,
EM_mov_fp32_20%,Gen10LP,A0,8.628413464,syn,1,
EM_mov_fp32_30%,Gen10LP,A0,8.628413464,syn,1,
EM_mov_fp32_40%,Gen10LP,A0,8.628413464,syn,1,
EM_mov_fp32_55%,Gen10LP,A0,8.628413464,syn,1,
EM_mov_fp64_10%,Gen10LP,A0,12.44841346,syn,1,
EM_mov_fp64_20%,Gen10LP,A0,12.44841346,syn,1,
EM_mov_fp64_30%,Gen10LP,A0,12.44841346,syn,1,
EM_mov_fp64_40%,Gen10LP,A0,12.44841346,syn,1,
EM_mov_fp64_55%,Gen10LP,A0,12.44841346,syn,1,
EM_mov_int16_10%,Gen10LP,A0,8.838413464,syn,1,
EM_mov_int16_20%,Gen10LP,A0,8.838413464,syn,1,
EM_mov_int16_30%,Gen10LP,A0,8.838413464,syn,1,
EM_mov_int16_40%,Gen10LP,A0,8.838413464,syn,1,
EM_mov_int16_55%,Gen10LP,A0,8.838413464,syn,1,
EM_mov_int32_10%,Gen10LP,A0,8.798413464,syn,1,
EM_mov_int32_20%,Gen10LP,A0,8.798413464,syn,1,
EM_mov_int32_30%,Gen10LP,A0,8.798413464,syn,1,
EM_mov_int32_40%,Gen10LP,A0,8.798413464,syn,1,
EM_mov_int32_55%,Gen10LP,A0,8.798413464,syn,1,
EM_mov_int64_10%,Gen10LP,A0,12.45841346,syn,1,
EM_mov_int64_20%,Gen10LP,A0,12.45841346,syn,1,
EM_mov_int64_30%,Gen10LP,A0,12.45841346,syn,1,
EM_mov_int64_40%,Gen10LP,A0,12.45841346,syn,1,
EM_mov_int64_55%,Gen10LP,A0,12.45841346,syn,1,
EM_mov_intbypass_10%,Gen10LP,A0,8.798413464,syn,1,
EM_mov_intbypass_20%,Gen10LP,A0,8.798413464,syn,1,
EM_mov_intbypass_30%,Gen10LP,A0,8.798413464,syn,1,
EM_mov_intbypass_40%,Gen10LP,A0,8.798413464,syn,1,
EM_mov_intbypass_55%,Gen10LP,A0,8.798413464,syn,1,
EM_mul_floatbypass_10%,Gen10LP,A0,6.638413464,syn,1,
EM_mul_floatbypass_20%,Gen10LP,A0,6.638413464,syn,1,
EM_mul_floatbypass_30%,Gen10LP,A0,6.638413464,syn,1,
EM_mul_floatbypass_40%,Gen10LP,A0,6.638413464,syn,1,
EM_mul_floatbypass_55%,Gen10LP,A0,6.638413464,syn,1,
EM_mul_fp16_10%,Gen10LP,A0,22.59841346,syn,1,
EM_mul_fp16_20%,Gen10LP,A0,22.59841346,syn,1,
EM_mul_fp16_30%,Gen10LP,A0,22.59841346,syn,1,
EM_mul_fp16_40%,Gen10LP,A0,22.59841346,syn,1,
EM_mul_fp16_55%,Gen10LP,A0,22.59841346,syn,1,
EM_mul_fp32_10%,Gen10LP,A0,30.49841346,syn,1,
EM_mul_fp32_20%,Gen10LP,A0,30.49841346,syn,1,
EM_mul_fp32_30%,Gen10LP,A0,30.49841346,syn,1,
EM_mul_fp32_40%,Gen10LP,A0,30.49841346,syn,1,
EM_mul_fp32_55%,Gen10LP,A0,30.49841346,syn,1,
EM_mul_fp64_10%,Gen10LP,A0,35.89841346,syn,1,
EM_mul_fp64_20%,Gen10LP,A0,35.89841346,syn,1,
EM_mul_fp64_30%,Gen10LP,A0,35.89841346,syn,1,
EM_mul_fp64_40%,Gen10LP,A0,35.89841346,syn,1,
EM_mul_fp64_55%,Gen10LP,A0,35.89841346,syn,1,
EM_mul_int16_10%,Gen10LP,A0,25.74841346,syn,1,
EM_mul_int16_20%,Gen10LP,A0,25.74841346,syn,1,
EM_mul_int16_30%,Gen10LP,A0,25.74841346,syn,1,
EM_mul_int16_40%,Gen10LP,A0,25.74841346,syn,1,
EM_mul_int16_55%,Gen10LP,A0,25.74841346,syn,1,
EM_mul_int32_10%,Gen10LP,A0,38.41841346,syn,1,
EM_mul_int32_20%,Gen10LP,A0,38.41841346,syn,1,
EM_mul_int32_30%,Gen10LP,A0,38.41841346,syn,1,
EM_mul_int32_40%,Gen10LP,A0,38.41841346,syn,1,
EM_mul_int32_55%,Gen10LP,A0,38.41841346,syn,1,
EM_mul_int64_10%,Gen10LP,A0,0,syn,1,
EM_mul_int64_20%,Gen10LP,A0,0,syn,1,
EM_mul_int64_30%,Gen10LP,A0,0,syn,1,
EM_mul_int64_40%,Gen10LP,A0,0,syn,1,
EM_mul_int64_55%,Gen10LP,A0,0,syn,1,
EM_mul_intbypass_10%,Gen10LP,A0,8.238413464,syn,1,
EM_mul_intbypass_20%,Gen10LP,A0,8.238413464,syn,1,
EM_mul_intbypass_30%,Gen10LP,A0,8.238413464,syn,1,
EM_mul_intbypass_40%,Gen10LP,A0,8.238413464,syn,1,
EM_mul_intbypass_55%,Gen10LP,A0,8.238413464,syn,1,
EM_pln_floatbypass_10%,Gen10LP,A0,32.91841346,syn,1,
EM_pln_floatbypass_20%,Gen10LP,A0,32.91841346,syn,1,
EM_pln_floatbypass_30%,Gen10LP,A0,32.91841346,syn,1,
EM_pln_floatbypass_40%,Gen10LP,A0,32.91841346,syn,1,
EM_pln_floatbypass_55%,Gen10LP,A0,32.91841346,syn,1,
EM_pln_fp16_10%,Gen10LP,A0,0,syn,1,
EM_pln_fp16_20%,Gen10LP,A0,0,syn,1,
EM_pln_fp16_30%,Gen10LP,A0,0,syn,1,
EM_pln_fp16_40%,Gen10LP,A0,0,syn,1,
EM_pln_fp16_55%,Gen10LP,A0,0,syn,1,
EM_pln_fp32_10%,Gen10LP,A0,32.91841346,syn,1,
EM_pln_fp32_20%,Gen10LP,A0,32.91841346,syn,1,
EM_pln_fp32_30%,Gen10LP,A0,32.91841346,syn,1,
EM_pln_fp32_40%,Gen10LP,A0,32.91841346,syn,1,
EM_pln_fp32_55%,Gen10LP,A0,32.91841346,syn,1,
EM_pln_fp64_10%,Gen10LP,A0,0,syn,1,
EM_pln_fp64_20%,Gen10LP,A0,0,syn,1,
EM_pln_fp64_30%,Gen10LP,A0,0,syn,1,
EM_pln_fp64_40%,Gen10LP,A0,0,syn,1,
EM_pln_fp64_55%,Gen10LP,A0,0,syn,1,
EM_pln_int16_10%,Gen10LP,A0,0,syn,1,
EM_pln_int16_20%,Gen10LP,A0,0,syn,1,
EM_pln_int16_30%,Gen10LP,A0,0,syn,1,
EM_pln_int16_40%,Gen10LP,A0,0,syn,1,
EM_pln_int16_55%,Gen10LP,A0,0,syn,1,
EM_pln_int32_10%,Gen10LP,A0,0,syn,1,
EM_pln_int32_20%,Gen10LP,A0,0,syn,1,
EM_pln_int32_30%,Gen10LP,A0,0,syn,1,
EM_pln_int32_40%,Gen10LP,A0,0,syn,1,
EM_pln_int32_55%,Gen10LP,A0,0,syn,1,
EM_pln_int64_10%,Gen10LP,A0,0,syn,1,
EM_pln_int64_20%,Gen10LP,A0,0,syn,1,
EM_pln_int64_30%,Gen10LP,A0,0,syn,1,
EM_pln_int64_40%,Gen10LP,A0,0,syn,1,
EM_pln_int64_55%,Gen10LP,A0,0,syn,1,
EM_pln_intbypass_10%,Gen10LP,A0,0,syn,1,
EM_pln_intbypass_20%,Gen10LP,A0,0,syn,1,
EM_pln_intbypass_30%,Gen10LP,A0,0,syn,1,
EM_pln_intbypass_40%,Gen10LP,A0,0,syn,1,
EM_pln_intbypass_55%,Gen10LP,A0,0,syn,1,
EM_sad_floatbypass_10%,Gen10LP,A0,0,syn,1,
EM_sad_floatbypass_20%,Gen10LP,A0,0,syn,1,
EM_sad_floatbypass_30%,Gen10LP,A0,0,syn,1,
EM_sad_floatbypass_40%,Gen10LP,A0,0,syn,1,
EM_sad_floatbypass_55%,Gen10LP,A0,0,syn,1,
EM_sad_fp16_10%,Gen10LP,A0,0,syn,1,
EM_sad_fp16_20%,Gen10LP,A0,0,syn,1,
EM_sad_fp16_30%,Gen10LP,A0,0,syn,1,
EM_sad_fp16_40%,Gen10LP,A0,0,syn,1,
EM_sad_fp16_55%,Gen10LP,A0,0,syn,1,
EM_sad_fp32_10%,Gen10LP,A0,0,syn,1,
EM_sad_fp32_20%,Gen10LP,A0,0,syn,1,
EM_sad_fp32_30%,Gen10LP,A0,0,syn,1,
EM_sad_fp32_40%,Gen10LP,A0,0,syn,1,
EM_sad_fp32_55%,Gen10LP,A0,0,syn,1,
EM_sad_fp64_10%,Gen10LP,A0,0,syn,1,
EM_sad_fp64_20%,Gen10LP,A0,0,syn,1,
EM_sad_fp64_30%,Gen10LP,A0,0,syn,1,
EM_sad_fp64_40%,Gen10LP,A0,0,syn,1,
EM_sad_fp64_55%,Gen10LP,A0,0,syn,1,
EM_sad_int16_10%,Gen10LP,A0,0.578413464,syn,1,
EM_sad_int16_20%,Gen10LP,A0,0.578413464,syn,1,
EM_sad_int16_30%,Gen10LP,A0,0.578413464,syn,1,
EM_sad_int16_40%,Gen10LP,A0,0.578413464,syn,1,
EM_sad_int16_55%,Gen10LP,A0,0.578413464,syn,1,
EM_sad_int32_10%,Gen10LP,A0,0,syn,1,
EM_sad_int32_20%,Gen10LP,A0,0,syn,1,
EM_sad_int32_30%,Gen10LP,A0,0,syn,1,
EM_sad_int32_40%,Gen10LP,A0,0,syn,1,
EM_sad_int32_55%,Gen10LP,A0,0,syn,1,
EM_sad_int64_10%,Gen10LP,A0,0,syn,1,
EM_sad_int64_20%,Gen10LP,A0,0,syn,1,
EM_sad_int64_30%,Gen10LP,A0,0,syn,1,
EM_sad_int64_40%,Gen10LP,A0,0,syn,1,
EM_sad_int64_55%,Gen10LP,A0,0,syn,1,
EM_sad_intbypass_10%,Gen10LP,A0,0,syn,1,
EM_sad_intbypass_20%,Gen10LP,A0,0,syn,1,
EM_sad_intbypass_30%,Gen10LP,A0,0,syn,1,
EM_sad_intbypass_40%,Gen10LP,A0,0,syn,1,
EM_sad_intbypass_55%,Gen10LP,A0,0,syn,1,
EM_sel_bypass_10%,Gen10LP,A0,16.91841346,syn,1,
EM_sel_bypass_20%,Gen10LP,A0,16.91841346,syn,1,
EM_sel_bypass_30%,Gen10LP,A0,16.91841346,syn,1,
EM_sel_bypass_40%,Gen10LP,A0,16.91841346,syn,1,
EM_sel_bypass_55%,Gen10LP,A0,16.91841346,syn,1,
EM_sel_fp16_10%,Gen10LP,A0,18.11841346,syn,1,
EM_sel_fp16_20%,Gen10LP,A0,18.11841346,syn,1,
EM_sel_fp16_30%,Gen10LP,A0,18.11841346,syn,1,
EM_sel_fp16_40%,Gen10LP,A0,18.11841346,syn,1,
EM_sel_fp16_55%,Gen10LP,A0,18.11841346,syn,1,
EM_sel_fp32_10%,Gen10LP,A0,16.91841346,syn,1,
EM_sel_fp32_20%,Gen10LP,A0,16.91841346,syn,1,
EM_sel_fp32_30%,Gen10LP,A0,16.91841346,syn,1,
EM_sel_fp32_40%,Gen10LP,A0,16.91841346,syn,1,
EM_sel_fp32_55%,Gen10LP,A0,16.91841346,syn,1,
EM_sel_fp64_10%,Gen10LP,A0,18.30841346,syn,1,
EM_sel_fp64_20%,Gen10LP,A0,18.30841346,syn,1,
EM_sel_fp64_30%,Gen10LP,A0,18.30841346,syn,1,
EM_sel_fp64_40%,Gen10LP,A0,18.30841346,syn,1,
EM_sel_fp64_55%,Gen10LP,A0,18.30841346,syn,1,
EM_sel_int16_10%,Gen10LP,A0,14.98841346,syn,1,
EM_sel_int16_20%,Gen10LP,A0,14.98841346,syn,1,
EM_sel_int16_30%,Gen10LP,A0,14.98841346,syn,1,
EM_sel_int16_40%,Gen10LP,A0,14.98841346,syn,1,
EM_sel_int16_55%,Gen10LP,A0,14.98841346,syn,1,
EM_sel_int32_10%,Gen10LP,A0,15.78841346,syn,1,
EM_sel_int32_20%,Gen10LP,A0,15.78841346,syn,1,
EM_sel_int32_30%,Gen10LP,A0,15.78841346,syn,1,
EM_sel_int32_40%,Gen10LP,A0,15.78841346,syn,1,
EM_sel_int32_55%,Gen10LP,A0,15.78841346,syn,1,
EM_sel_int64_10%,Gen10LP,A0,16.24841346,syn,1,
EM_sel_int64_20%,Gen10LP,A0,16.24841346,syn,1,
EM_sel_int64_30%,Gen10LP,A0,16.24841346,syn,1,
EM_sel_int64_40%,Gen10LP,A0,16.24841346,syn,1,
EM_sel_int64_55%,Gen10LP,A0,16.24841346,syn,1,
EM_sel_intbypass_10%,Gen10LP,A0,0,syn,1,
EM_sel_intbypass_20%,Gen10LP,A0,0,syn,1,
EM_sel_intbypass_30%,Gen10LP,A0,0,syn,1,
EM_sel_intbypass_40%,Gen10LP,A0,0,syn,1,
EM_sel_intbypass_55%,Gen10LP,A0,0,syn,1,
EM_transc_bypass_10%,Gen10LP,A0,0,syn,1,
EM_transc_bypass_20%,Gen10LP,A0,0,syn,1,
EM_transc_bypass_30%,Gen10LP,A0,0,syn,1,
EM_transc_bypass_40%,Gen10LP,A0,0,syn,1,
EM_transc_bypass_55%,Gen10LP,A0,0,syn,1,
EM_transc_fp16_10%,Gen10LP,A0,14.66841346,syn,1,
EM_transc_fp16_20%,Gen10LP,A0,14.66841346,syn,1,
EM_transc_fp16_30%,Gen10LP,A0,14.66841346,syn,1,
EM_transc_fp16_40%,Gen10LP,A0,14.66841346,syn,1,
EM_transc_fp16_55%,Gen10LP,A0,14.66841346,syn,1,
EM_transc_fp32_10%,Gen10LP,A0,18.56841346,syn,1,
EM_transc_fp32_20%,Gen10LP,A0,18.56841346,syn,1,
EM_transc_fp32_30%,Gen10LP,A0,18.56841346,syn,1,
EM_transc_fp32_40%,Gen10LP,A0,18.56841346,syn,1,
EM_transc_fp32_55%,Gen10LP,A0,18.56841346,syn,1,
EM_transc_fp64_10%,Gen10LP,A0,0,syn,1,
EM_transc_fp64_20%,Gen10LP,A0,0,syn,1,
EM_transc_fp64_30%,Gen10LP,A0,0,syn,1,
EM_transc_fp64_40%,Gen10LP,A0,0,syn,1,
EM_transc_fp64_55%,Gen10LP,A0,0,syn,1,
EM_transc_int16_10%,Gen10LP,A0,0,syn,1,
EM_transc_int16_20%,Gen10LP,A0,0,syn,1,
EM_transc_int16_30%,Gen10LP,A0,0,syn,1,
EM_transc_int16_40%,Gen10LP,A0,0,syn,1,
EM_transc_int16_55%,Gen10LP,A0,0,syn,1,
EM_transc_int32_10%,Gen10LP,A0,0,syn,1,
EM_transc_int32_20%,Gen10LP,A0,0,syn,1,
EM_transc_int32_30%,Gen10LP,A0,0,syn,1,
EM_transc_int32_40%,Gen10LP,A0,0,syn,1,
EM_transc_int32_55%,Gen10LP,A0,0,syn,1,
EM_transc_int64_10%,Gen10LP,A0,0,syn,1,
EM_transc_int64_20%,Gen10LP,A0,0,syn,1,
EM_transc_int64_30%,Gen10LP,A0,0,syn,1,
EM_transc_int64_40%,Gen10LP,A0,0,syn,1,
EM_transc_int64_55%,Gen10LP,A0,0,syn,1,
EM_transc_intbypass_10%,Gen10LP,A0,0,syn,1,
EM_transc_intbypass_20%,Gen10LP,A0,0,syn,1,
EM_transc_intbypass_30%,Gen10LP,A0,0,syn,1,
EM_transc_intbypass_40%,Gen10LP,A0,0,syn,1,
EM_transc_intbypass_55%,Gen10LP,A0,0,syn,1,
FPU_add_floatbypass_10%,Gen10LP,A0,12.21841346,syn,1,
FPU_add_floatbypass_20%,Gen10LP,A0,12.21841346,syn,1,
FPU_add_floatbypass_30%,Gen10LP,A0,12.21841346,syn,1,
FPU_add_floatbypass_40%,Gen10LP,A0,12.21841346,syn,1,
FPU_add_floatbypass_55%,Gen10LP,A0,12.21841346,syn,1,
FPU_add_fp16_10%,Gen10LP,A0,22.02841346,syn,1,
FPU_add_fp16_20%,Gen10LP,A0,22.02841346,syn,1,
FPU_add_fp16_30%,Gen10LP,A0,22.02841346,syn,1,
FPU_add_fp16_40%,Gen10LP,A0,22.02841346,syn,1,
FPU_add_fp16_55%,Gen10LP,A0,22.02841346,syn,1,
FPU_add_fp32_10%,Gen10LP,A0,22.53841346,syn,1,
FPU_add_fp32_20%,Gen10LP,A0,22.53841346,syn,1,
FPU_add_fp32_30%,Gen10LP,A0,22.53841346,syn,1,
FPU_add_fp32_40%,Gen10LP,A0,22.53841346,syn,1,
FPU_add_fp32_55%,Gen10LP,A0,22.53841346,syn,1,
FPU_add_fp64_10%,Gen10LP,A0,19.94841346,syn,1,
FPU_add_fp64_20%,Gen10LP,A0,19.94841346,syn,1,
FPU_add_fp64_30%,Gen10LP,A0,19.94841346,syn,1,
FPU_add_fp64_40%,Gen10LP,A0,19.94841346,syn,1,
FPU_add_fp64_55%,Gen10LP,A0,19.94841346,syn,1,
FPU_add_int16_10%,Gen10LP,A0,17.28841346,syn,1,
FPU_add_int16_20%,Gen10LP,A0,17.28841346,syn,1,
FPU_add_int16_30%,Gen10LP,A0,17.28841346,syn,1,
FPU_add_int16_40%,Gen10LP,A0,17.28841346,syn,1,
FPU_add_int16_55%,Gen10LP,A0,17.28841346,syn,1,
FPU_add_int32_10%,Gen10LP,A0,17.94841346,syn,1,
FPU_add_int32_20%,Gen10LP,A0,17.94841346,syn,1,
FPU_add_int32_30%,Gen10LP,A0,17.94841346,syn,1,
FPU_add_int32_40%,Gen10LP,A0,17.94841346,syn,1,
FPU_add_int32_55%,Gen10LP,A0,17.94841346,syn,1,
FPU_add_int64_10%,Gen10LP,A0,16.53841346,syn,1,
FPU_add_int64_20%,Gen10LP,A0,16.53841346,syn,1,
FPU_add_int64_30%,Gen10LP,A0,16.53841346,syn,1,
FPU_add_int64_40%,Gen10LP,A0,16.53841346,syn,1,
FPU_add_int64_55%,Gen10LP,A0,16.53841346,syn,1,
FPU_add_intbypass_10%,Gen10LP,A0,9.788413464,syn,1,
FPU_add_intbypass_20%,Gen10LP,A0,9.788413464,syn,1,
FPU_add_intbypass_30%,Gen10LP,A0,9.788413464,syn,1,
FPU_add_intbypass_40%,Gen10LP,A0,9.788413464,syn,1,
FPU_add_intbypass_55%,Gen10LP,A0,9.788413464,syn,1,
FPU_cmp_floatbypass_10%,Gen10LP,A0,10.76841346,syn,1,
FPU_cmp_floatbypass_20%,Gen10LP,A0,10.76841346,syn,1,
FPU_cmp_floatbypass_30%,Gen10LP,A0,10.76841346,syn,1,
FPU_cmp_floatbypass_40%,Gen10LP,A0,10.76841346,syn,1,
FPU_cmp_floatbypass_55%,Gen10LP,A0,10.76841346,syn,1,
FPU_cmp_fp16_10%,Gen10LP,A0,14.00841346,syn,1,
FPU_cmp_fp16_20%,Gen10LP,A0,14.00841346,syn,1,
FPU_cmp_fp16_30%,Gen10LP,A0,14.00841346,syn,1,
FPU_cmp_fp16_40%,Gen10LP,A0,14.00841346,syn,1,
FPU_cmp_fp16_55%,Gen10LP,A0,14.00841346,syn,1,
FPU_cmp_fp32_10%,Gen10LP,A0,17.47841346,syn,1,
FPU_cmp_fp32_20%,Gen10LP,A0,17.47841346,syn,1,
FPU_cmp_fp32_30%,Gen10LP,A0,17.47841346,syn,1,
FPU_cmp_fp32_40%,Gen10LP,A0,17.47841346,syn,1,
FPU_cmp_fp32_55%,Gen10LP,A0,17.47841346,syn,1,
FPU_cmp_fp64_10%,Gen10LP,A0,18.49841346,syn,1,
FPU_cmp_fp64_20%,Gen10LP,A0,18.49841346,syn,1,
FPU_cmp_fp64_30%,Gen10LP,A0,18.49841346,syn,1,
FPU_cmp_fp64_40%,Gen10LP,A0,18.49841346,syn,1,
FPU_cmp_fp64_55%,Gen10LP,A0,18.49841346,syn,1,
FPU_cmp_int16_10%,Gen10LP,A0,16.54841346,syn,1,
FPU_cmp_int16_20%,Gen10LP,A0,16.54841346,syn,1,
FPU_cmp_int16_30%,Gen10LP,A0,16.54841346,syn,1,
FPU_cmp_int16_40%,Gen10LP,A0,16.54841346,syn,1,
FPU_cmp_int16_55%,Gen10LP,A0,16.54841346,syn,1,
FPU_cmp_int32_10%,Gen10LP,A0,15.32841346,syn,1,
FPU_cmp_int32_20%,Gen10LP,A0,15.32841346,syn,1,
FPU_cmp_int32_30%,Gen10LP,A0,15.32841346,syn,1,
FPU_cmp_int32_40%,Gen10LP,A0,15.32841346,syn,1,
FPU_cmp_int32_55%,Gen10LP,A0,15.32841346,syn,1,
FPU_cmp_int64_10%,Gen10LP,A0,14.95841346,syn,1,
FPU_cmp_int64_20%,Gen10LP,A0,14.95841346,syn,1,
FPU_cmp_int64_30%,Gen10LP,A0,14.95841346,syn,1,
FPU_cmp_int64_40%,Gen10LP,A0,14.95841346,syn,1,
FPU_cmp_int64_55%,Gen10LP,A0,14.95841346,syn,1,
FPU_cmp_intbypass_10%,Gen10LP,A0,8.398413464,syn,1,
FPU_cmp_intbypass_20%,Gen10LP,A0,8.398413464,syn,1,
FPU_cmp_intbypass_30%,Gen10LP,A0,8.398413464,syn,1,
FPU_cmp_intbypass_40%,Gen10LP,A0,8.398413464,syn,1,
FPU_cmp_intbypass_55%,Gen10LP,A0,8.398413464,syn,1,
FPU_mac_floatbypass_10%,Gen10LP,A0,21.86841346,syn,1,
FPU_mac_floatbypass_20%,Gen10LP,A0,21.86841346,syn,1,
FPU_mac_floatbypass_30%,Gen10LP,A0,21.86841346,syn,1,
FPU_mac_floatbypass_40%,Gen10LP,A0,21.86841346,syn,1,
FPU_mac_floatbypass_55%,Gen10LP,A0,21.86841346,syn,1,
FPU_mac_fp16_10%,Gen10LP,A0,18.98841346,syn,1,
FPU_mac_fp16_20%,Gen10LP,A0,18.98841346,syn,1,
FPU_mac_fp16_30%,Gen10LP,A0,18.98841346,syn,1,
FPU_mac_fp16_40%,Gen10LP,A0,18.98841346,syn,1,
FPU_mac_fp16_55%,Gen10LP,A0,18.98841346,syn,1,
FPU_mac_fp32_10%,Gen10LP,A0,21.86841346,syn,1,
FPU_mac_fp32_20%,Gen10LP,A0,21.86841346,syn,1,
FPU_mac_fp32_30%,Gen10LP,A0,21.86841346,syn,1,
FPU_mac_fp32_40%,Gen10LP,A0,21.86841346,syn,1,
FPU_mac_fp32_55%,Gen10LP,A0,21.86841346,syn,1,
FPU_mac_fp64_10%,Gen10LP,A0,19.30841346,syn,1,
FPU_mac_fp64_20%,Gen10LP,A0,19.30841346,syn,1,
FPU_mac_fp64_30%,Gen10LP,A0,19.30841346,syn,1,
FPU_mac_fp64_40%,Gen10LP,A0,19.30841346,syn,1,
FPU_mac_fp64_55%,Gen10LP,A0,19.30841346,syn,1,
FPU_mac_int16_10%,Gen10LP,A0,32.13841346,syn,1,
FPU_mac_int16_20%,Gen10LP,A0,32.13841346,syn,1,
FPU_mac_int16_30%,Gen10LP,A0,32.13841346,syn,1,
FPU_mac_int16_40%,Gen10LP,A0,32.13841346,syn,1,
FPU_mac_int16_55%,Gen10LP,A0,32.13841346,syn,1,
FPU_mac_int32_10%,Gen10LP,A0,0,syn,1,
FPU_mac_int32_20%,Gen10LP,A0,0,syn,1,
FPU_mac_int32_30%,Gen10LP,A0,0,syn,1,
FPU_mac_int32_40%,Gen10LP,A0,0,syn,1,
FPU_mac_int32_55%,Gen10LP,A0,0,syn,1,
FPU_mac_int64_10%,Gen10LP,A0,0,syn,1,
FPU_mac_int64_20%,Gen10LP,A0,0,syn,1,
FPU_mac_int64_30%,Gen10LP,A0,0,syn,1,
FPU_mac_int64_40%,Gen10LP,A0,0,syn,1,
FPU_mac_int64_55%,Gen10LP,A0,0,syn,1,
FPU_mac_intbypass_10%,Gen10LP,A0,32.13841346,syn,1,
FPU_mac_intbypass_20%,Gen10LP,A0,32.13841346,syn,1,
FPU_mac_intbypass_30%,Gen10LP,A0,32.13841346,syn,1,
FPU_mac_intbypass_40%,Gen10LP,A0,32.13841346,syn,1,
FPU_mac_intbypass_55%,Gen10LP,A0,32.13841346,syn,1,
FPU_mad_floatbypass_10%,Gen10LP,A0,14.65841346,syn,1,
FPU_mad_floatbypass_20%,Gen10LP,A0,14.65841346,syn,1,
FPU_mad_floatbypass_30%,Gen10LP,A0,14.65841346,syn,1,
FPU_mad_floatbypass_40%,Gen10LP,A0,14.65841346,syn,1,
FPU_mad_floatbypass_55%,Gen10LP,A0,14.65841346,syn,1,
FPU_mad_fp16_10%,Gen10LP,A0,28.32841346,syn,1,
FPU_mad_fp16_20%,Gen10LP,A0,28.32841346,syn,1,
FPU_mad_fp16_30%,Gen10LP,A0,28.32841346,syn,1,
FPU_mad_fp16_40%,Gen10LP,A0,28.32841346,syn,1,
FPU_mad_fp16_55%,Gen10LP,A0,28.32841346,syn,1,
FPU_mad_fp32_10%,Gen10LP,A0,37.38841346,syn,1,
FPU_mad_fp32_20%,Gen10LP,A0,37.38841346,syn,1,
FPU_mad_fp32_30%,Gen10LP,A0,37.38841346,syn,1,
FPU_mad_fp32_40%,Gen10LP,A0,37.38841346,syn,1,
FPU_mad_fp32_55%,Gen10LP,A0,37.38841346,syn,1,
FPU_mad_fp64_10%,Gen10LP,A0,38.86841346,syn,1,
FPU_mad_fp64_20%,Gen10LP,A0,38.86841346,syn,1,
FPU_mad_fp64_30%,Gen10LP,A0,38.86841346,syn,1,
FPU_mad_fp64_40%,Gen10LP,A0,38.86841346,syn,1,
FPU_mad_fp64_55%,Gen10LP,A0,38.86841346,syn,1,
FPU_mad_int16_10%,Gen10LP,A0,0.578413464,syn,1,
FPU_mad_int16_20%,Gen10LP,A0,0.578413464,syn,1,
FPU_mad_int16_30%,Gen10LP,A0,0.578413464,syn,1,
FPU_mad_int16_40%,Gen10LP,A0,0.578413464,syn,1,
FPU_mad_int16_55%,Gen10LP,A0,0.578413464,syn,1,
FPU_mad_int32_10%,Gen10LP,A0,0,syn,1,
FPU_mad_int32_20%,Gen10LP,A0,0,syn,1,
FPU_mad_int32_30%,Gen10LP,A0,0,syn,1,
FPU_mad_int32_40%,Gen10LP,A0,0,syn,1,
FPU_mad_int32_55%,Gen10LP,A0,0,syn,1,
FPU_mad_int64_10%,Gen10LP,A0,0,syn,1,
FPU_mad_int64_20%,Gen10LP,A0,0,syn,1,
FPU_mad_int64_30%,Gen10LP,A0,0,syn,1,
FPU_mad_int64_40%,Gen10LP,A0,0,syn,1,
FPU_mad_int64_55%,Gen10LP,A0,0,syn,1,
FPU_mad_intbypass_10%,Gen10LP,A0,0.578413464,syn,1,
FPU_mad_intbypass_20%,Gen10LP,A0,0.578413464,syn,1,
FPU_mad_intbypass_30%,Gen10LP,A0,0.578413464,syn,1,
FPU_mad_intbypass_40%,Gen10LP,A0,0.578413464,syn,1,
FPU_mad_intbypass_55%,Gen10LP,A0,0.578413464,syn,1,
FPU_mov_bypass_10%,Gen10LP,A0,7.958413464,syn,1,
FPU_mov_bypass_20%,Gen10LP,A0,7.958413464,syn,1,
FPU_mov_bypass_30%,Gen10LP,A0,7.958413464,syn,1,
FPU_mov_bypass_40%,Gen10LP,A0,7.958413464,syn,1,
FPU_mov_bypass_55%,Gen10LP,A0,7.958413464,syn,1,
FPU_mov_fp16_10%,Gen10LP,A0,8.748413464,syn,1,
FPU_mov_fp16_20%,Gen10LP,A0,8.748413464,syn,1,
FPU_mov_fp16_30%,Gen10LP,A0,8.748413464,syn,1,
FPU_mov_fp16_40%,Gen10LP,A0,8.748413464,syn,1,
FPU_mov_fp16_55%,Gen10LP,A0,8.748413464,syn,1,
FPU_mov_fp32_10%,Gen10LP,A0,7.958413464,syn,1,
FPU_mov_fp32_20%,Gen10LP,A0,7.958413464,syn,1,
FPU_mov_fp32_30%,Gen10LP,A0,7.958413464,syn,1,
FPU_mov_fp32_40%,Gen10LP,A0,7.958413464,syn,1,
FPU_mov_fp32_55%,Gen10LP,A0,7.958413464,syn,1,
FPU_mov_fp64_10%,Gen10LP,A0,12.28841346,syn,1,
FPU_mov_fp64_20%,Gen10LP,A0,12.28841346,syn,1,
FPU_mov_fp64_30%,Gen10LP,A0,12.28841346,syn,1,
FPU_mov_fp64_40%,Gen10LP,A0,12.28841346,syn,1,
FPU_mov_fp64_55%,Gen10LP,A0,12.28841346,syn,1,
FPU_mov_int16_10%,Gen10LP,A0,8.348413464,syn,1,
FPU_mov_int16_20%,Gen10LP,A0,8.348413464,syn,1,
FPU_mov_int16_30%,Gen10LP,A0,8.348413464,syn,1,
FPU_mov_int16_40%,Gen10LP,A0,8.348413464,syn,1,
FPU_mov_int16_55%,Gen10LP,A0,8.348413464,syn,1,
FPU_mov_int32_10%,Gen10LP,A0,8.058413464,syn,1,
FPU_mov_int32_20%,Gen10LP,A0,8.058413464,syn,1,
FPU_mov_int32_30%,Gen10LP,A0,8.058413464,syn,1,
FPU_mov_int32_40%,Gen10LP,A0,8.058413464,syn,1,
FPU_mov_int32_55%,Gen10LP,A0,8.058413464,syn,1,
FPU_mov_int64_10%,Gen10LP,A0,12.33841346,syn,1,
FPU_mov_int64_20%,Gen10LP,A0,12.33841346,syn,1,
FPU_mov_int64_30%,Gen10LP,A0,12.33841346,syn,1,
FPU_mov_int64_40%,Gen10LP,A0,12.33841346,syn,1,
FPU_mov_int64_55%,Gen10LP,A0,12.33841346,syn,1,
FPU_mov_intbypass_10%,Gen10LP,A0,12.33841346,syn,1,
FPU_mov_intbypass_20%,Gen10LP,A0,12.33841346,syn,1,
FPU_mov_intbypass_30%,Gen10LP,A0,12.33841346,syn,1,
FPU_mov_intbypass_40%,Gen10LP,A0,12.33841346,syn,1,
FPU_mov_intbypass_55%,Gen10LP,A0,12.33841346,syn,1,
FPU_mul_floatbypass_10%,Gen10LP,A0,6.698413464,syn,1,
FPU_mul_floatbypass_20%,Gen10LP,A0,6.698413464,syn,1,
FPU_mul_floatbypass_30%,Gen10LP,A0,6.698413464,syn,1,
FPU_mul_floatbypass_40%,Gen10LP,A0,6.698413464,syn,1,
FPU_mul_floatbypass_55%,Gen10LP,A0,6.698413464,syn,1,
FPU_mul_fp16_10%,Gen10LP,A0,22.07841346,syn,1,
FPU_mul_fp16_20%,Gen10LP,A0,22.07841346,syn,1,
FPU_mul_fp16_30%,Gen10LP,A0,22.07841346,syn,1,
FPU_mul_fp16_40%,Gen10LP,A0,22.07841346,syn,1,
FPU_mul_fp16_55%,Gen10LP,A0,22.07841346,syn,1,
FPU_mul_fp32_10%,Gen10LP,A0,28.76841346,syn,1,
FPU_mul_fp32_20%,Gen10LP,A0,28.76841346,syn,1,
FPU_mul_fp32_30%,Gen10LP,A0,28.76841346,syn,1,
FPU_mul_fp32_40%,Gen10LP,A0,28.76841346,syn,1,
FPU_mul_fp32_55%,Gen10LP,A0,28.76841346,syn,1,
FPU_mul_fp64_10%,Gen10LP,A0,40.40841346,syn,1,
FPU_mul_fp64_20%,Gen10LP,A0,40.40841346,syn,1,
FPU_mul_fp64_30%,Gen10LP,A0,40.40841346,syn,1,
FPU_mul_fp64_40%,Gen10LP,A0,40.40841346,syn,1,
FPU_mul_fp64_55%,Gen10LP,A0,40.40841346,syn,1,
FPU_mul_int16_10%,Gen10LP,A0,28.07841346,syn,1,
FPU_mul_int16_20%,Gen10LP,A0,28.07841346,syn,1,
FPU_mul_int16_30%,Gen10LP,A0,28.07841346,syn,1,
FPU_mul_int16_40%,Gen10LP,A0,28.07841346,syn,1,
FPU_mul_int16_55%,Gen10LP,A0,28.07841346,syn,1,
FPU_mul_int32_10%,Gen10LP,A0,41.89841346,syn,1,
FPU_mul_int32_20%,Gen10LP,A0,41.89841346,syn,1,
FPU_mul_int32_30%,Gen10LP,A0,41.89841346,syn,1,
FPU_mul_int32_40%,Gen10LP,A0,41.89841346,syn,1,
FPU_mul_int32_55%,Gen10LP,A0,41.89841346,syn,1,
FPU_mul_int64_10%,Gen10LP,A0,0,syn,1,
FPU_mul_int64_20%,Gen10LP,A0,0,syn,1,
FPU_mul_int64_30%,Gen10LP,A0,0,syn,1,
FPU_mul_int64_40%,Gen10LP,A0,0,syn,1,
FPU_mul_int64_55%,Gen10LP,A0,0,syn,1,
FPU_mul_intbypass_10%,Gen10LP,A0,9.548413464,syn,1,
FPU_mul_intbypass_20%,Gen10LP,A0,9.548413464,syn,1,
FPU_mul_intbypass_30%,Gen10LP,A0,9.548413464,syn,1,
FPU_mul_intbypass_40%,Gen10LP,A0,9.548413464,syn,1,
FPU_mul_intbypass_55%,Gen10LP,A0,9.548413464,syn,1,
FPU_pln_floatbypass_10%,Gen10LP,A0,33.42841346,syn,1,
FPU_pln_floatbypass_20%,Gen10LP,A0,33.42841346,syn,1,
FPU_pln_floatbypass_30%,Gen10LP,A0,33.42841346,syn,1,
FPU_pln_floatbypass_40%,Gen10LP,A0,33.42841346,syn,1,
FPU_pln_floatbypass_55%,Gen10LP,A0,33.42841346,syn,1,
FPU_pln_fp16_10%,Gen10LP,A0,0,syn,1,
FPU_pln_fp16_20%,Gen10LP,A0,0,syn,1,
FPU_pln_fp16_30%,Gen10LP,A0,0,syn,1,
FPU_pln_fp16_40%,Gen10LP,A0,0,syn,1,
FPU_pln_fp16_55%,Gen10LP,A0,0,syn,1,
FPU_pln_fp32_10%,Gen10LP,A0,33.42841346,syn,1,
FPU_pln_fp32_20%,Gen10LP,A0,33.42841346,syn,1,
FPU_pln_fp32_30%,Gen10LP,A0,33.42841346,syn,1,
FPU_pln_fp32_40%,Gen10LP,A0,33.42841346,syn,1,
FPU_pln_fp32_55%,Gen10LP,A0,33.42841346,syn,1,
FPU_pln_fp64_10%,Gen10LP,A0,0,syn,1,
FPU_pln_fp64_20%,Gen10LP,A0,0,syn,1,
FPU_pln_fp64_30%,Gen10LP,A0,0,syn,1,
FPU_pln_fp64_40%,Gen10LP,A0,0,syn,1,
FPU_pln_fp64_55%,Gen10LP,A0,0,syn,1,
FPU_pln_int16_10%,Gen10LP,A0,0,syn,1,
FPU_pln_int16_20%,Gen10LP,A0,0,syn,1,
FPU_pln_int16_30%,Gen10LP,A0,0,syn,1,
FPU_pln_int16_40%,Gen10LP,A0,0,syn,1,
FPU_pln_int16_55%,Gen10LP,A0,0,syn,1,
FPU_pln_int32_10%,Gen10LP,A0,0,syn,1,
FPU_pln_int32_20%,Gen10LP,A0,0,syn,1,
FPU_pln_int32_30%,Gen10LP,A0,0,syn,1,
FPU_pln_int32_40%,Gen10LP,A0,0,syn,1,
FPU_pln_int32_55%,Gen10LP,A0,0,syn,1,
FPU_pln_int64_10%,Gen10LP,A0,0,syn,1,
FPU_pln_int64_20%,Gen10LP,A0,0,syn,1,
FPU_pln_int64_30%,Gen10LP,A0,0,syn,1,
FPU_pln_int64_40%,Gen10LP,A0,0,syn,1,
FPU_pln_int64_55%,Gen10LP,A0,0,syn,1,
FPU_pln_intbypass_10%,Gen10LP,A0,0,syn,1,
FPU_pln_intbypass_20%,Gen10LP,A0,0,syn,1,
FPU_pln_intbypass_30%,Gen10LP,A0,0,syn,1,
FPU_pln_intbypass_40%,Gen10LP,A0,0,syn,1,
FPU_pln_intbypass_55%,Gen10LP,A0,0,syn,1,
FPU_sad_floatbypass_10%,Gen10LP,A0,0,syn,1,
FPU_sad_floatbypass_20%,Gen10LP,A0,0,syn,1,
FPU_sad_floatbypass_30%,Gen10LP,A0,0,syn,1,
FPU_sad_floatbypass_40%,Gen10LP,A0,0,syn,1,
FPU_sad_floatbypass_55%,Gen10LP,A0,0,syn,1,
FPU_sad_fp16_10%,Gen10LP,A0,0,syn,1,
FPU_sad_fp16_20%,Gen10LP,A0,0,syn,1,
FPU_sad_fp16_30%,Gen10LP,A0,0,syn,1,
FPU_sad_fp16_40%,Gen10LP,A0,0,syn,1,
FPU_sad_fp16_55%,Gen10LP,A0,0,syn,1,
FPU_sad_fp32_10%,Gen10LP,A0,0,syn,1,
FPU_sad_fp32_20%,Gen10LP,A0,0,syn,1,
FPU_sad_fp32_30%,Gen10LP,A0,0,syn,1,
FPU_sad_fp32_40%,Gen10LP,A0,0,syn,1,
FPU_sad_fp32_55%,Gen10LP,A0,0,syn,1,
FPU_sad_fp64_10%,Gen10LP,A0,0,syn,1,
FPU_sad_fp64_20%,Gen10LP,A0,0,syn,1,
FPU_sad_fp64_30%,Gen10LP,A0,0,syn,1,
FPU_sad_fp64_40%,Gen10LP,A0,0,syn,1,
FPU_sad_fp64_55%,Gen10LP,A0,0,syn,1,
FPU_sad_int16_10%,Gen10LP,A0,16.67841346,syn,1,
FPU_sad_int16_20%,Gen10LP,A0,16.67841346,syn,1,
FPU_sad_int16_30%,Gen10LP,A0,16.67841346,syn,1,
FPU_sad_int16_40%,Gen10LP,A0,16.67841346,syn,1,
FPU_sad_int16_55%,Gen10LP,A0,16.67841346,syn,1,
FPU_sad_int32_10%,Gen10LP,A0,0,syn,1,
FPU_sad_int32_20%,Gen10LP,A0,0,syn,1,
FPU_sad_int32_30%,Gen10LP,A0,0,syn,1,
FPU_sad_int32_40%,Gen10LP,A0,0,syn,1,
FPU_sad_int32_55%,Gen10LP,A0,0,syn,1,
FPU_sad_int64_10%,Gen10LP,A0,0,syn,1,
FPU_sad_int64_20%,Gen10LP,A0,0,syn,1,
FPU_sad_int64_30%,Gen10LP,A0,0,syn,1,
FPU_sad_int64_40%,Gen10LP,A0,0,syn,1,
FPU_sad_int64_55%,Gen10LP,A0,0,syn,1,
FPU_sad_intbypass_10%,Gen10LP,A0,0,syn,1,
FPU_sad_intbypass_20%,Gen10LP,A0,0,syn,1,
FPU_sad_intbypass_30%,Gen10LP,A0,0,syn,1,
FPU_sad_intbypass_40%,Gen10LP,A0,0,syn,1,
FPU_sad_intbypass_55%,Gen10LP,A0,0,syn,1,
FPU_sel_bypass_10%,Gen10LP,A0,15.72841346,syn,1,
FPU_sel_bypass_20%,Gen10LP,A0,15.72841346,syn,1,
FPU_sel_bypass_30%,Gen10LP,A0,15.72841346,syn,1,
FPU_sel_bypass_40%,Gen10LP,A0,15.72841346,syn,1,
FPU_sel_bypass_55%,Gen10LP,A0,15.72841346,syn,1,
FPU_sel_fp16_10%,Gen10LP,A0,17.85841346,syn,1,
FPU_sel_fp16_20%,Gen10LP,A0,17.85841346,syn,1,
FPU_sel_fp16_30%,Gen10LP,A0,17.85841346,syn,1,
FPU_sel_fp16_40%,Gen10LP,A0,17.85841346,syn,1,
FPU_sel_fp16_55%,Gen10LP,A0,17.85841346,syn,1,
FPU_sel_fp32_10%,Gen10LP,A0,15.72841346,syn,1,
FPU_sel_fp32_20%,Gen10LP,A0,15.72841346,syn,1,
FPU_sel_fp32_30%,Gen10LP,A0,15.72841346,syn,1,
FPU_sel_fp32_40%,Gen10LP,A0,15.72841346,syn,1,
FPU_sel_fp32_55%,Gen10LP,A0,15.72841346,syn,1,
FPU_sel_fp64_10%,Gen10LP,A0,15.98841346,syn,1,
FPU_sel_fp64_20%,Gen10LP,A0,15.98841346,syn,1,
FPU_sel_fp64_30%,Gen10LP,A0,15.98841346,syn,1,
FPU_sel_fp64_40%,Gen10LP,A0,15.98841346,syn,1,
FPU_sel_fp64_55%,Gen10LP,A0,15.98841346,syn,1,
FPU_sel_int16_10%,Gen10LP,A0,14.42841346,syn,1,
FPU_sel_int16_20%,Gen10LP,A0,14.42841346,syn,1,
FPU_sel_int16_30%,Gen10LP,A0,14.42841346,syn,1,
FPU_sel_int16_40%,Gen10LP,A0,14.42841346,syn,1,
FPU_sel_int16_55%,Gen10LP,A0,14.42841346,syn,1,
FPU_sel_int32_10%,Gen10LP,A0,14.80841346,syn,1,
FPU_sel_int32_20%,Gen10LP,A0,14.80841346,syn,1,
FPU_sel_int32_30%,Gen10LP,A0,14.80841346,syn,1,
FPU_sel_int32_40%,Gen10LP,A0,14.80841346,syn,1,
FPU_sel_int32_55%,Gen10LP,A0,14.80841346,syn,1,
FPU_sel_int64_10%,Gen10LP,A0,14.44841346,syn,1,
FPU_sel_int64_20%,Gen10LP,A0,14.44841346,syn,1,
FPU_sel_int64_30%,Gen10LP,A0,14.44841346,syn,1,
FPU_sel_int64_40%,Gen10LP,A0,14.44841346,syn,1,
FPU_sel_int64_55%,Gen10LP,A0,14.44841346,syn,1,
FPU_sel_intbypass_10%,Gen10LP,A0,0,syn,1,
FPU_sel_intbypass_20%,Gen10LP,A0,0,syn,1,
FPU_sel_intbypass_30%,Gen10LP,A0,0,syn,1,
FPU_sel_intbypass_40%,Gen10LP,A0,0,syn,1,
FPU_sel_intbypass_55%,Gen10LP,A0,0,syn,1,
FPU_transc_bypass_10%,Gen10LP,A0,0,syn,1,
FPU_transc_bypass_20%,Gen10LP,A0,0,syn,1,
FPU_transc_bypass_30%,Gen10LP,A0,0,syn,1,
FPU_transc_bypass_40%,Gen10LP,A0,0,syn,1,
FPU_transc_bypass_55%,Gen10LP,A0,0,syn,1,
FPU_transc_fp16_10%,Gen10LP,A0,0,syn,1,
FPU_transc_fp16_20%,Gen10LP,A0,0,syn,1,
FPU_transc_fp16_30%,Gen10LP,A0,0,syn,1,
FPU_transc_fp16_40%,Gen10LP,A0,0,syn,1,
FPU_transc_fp16_55%,Gen10LP,A0,0,syn,1,
FPU_transc_fp32_10%,Gen10LP,A0,0,syn,1,
FPU_transc_fp32_20%,Gen10LP,A0,0,syn,1,
FPU_transc_fp32_30%,Gen10LP,A0,0,syn,1,
FPU_transc_fp32_40%,Gen10LP,A0,0,syn,1,
FPU_transc_fp32_55%,Gen10LP,A0,0,syn,1,
FPU_transc_fp64_10%,Gen10LP,A0,0,syn,1,
FPU_transc_fp64_20%,Gen10LP,A0,0,syn,1,
FPU_transc_fp64_30%,Gen10LP,A0,0,syn,1,
FPU_transc_fp64_40%,Gen10LP,A0,0,syn,1,
FPU_transc_fp64_55%,Gen10LP,A0,0,syn,1,
FPU_transc_int16_10%,Gen10LP,A0,0,syn,1,
FPU_transc_int16_20%,Gen10LP,A0,0,syn,1,
FPU_transc_int16_30%,Gen10LP,A0,0,syn,1,
FPU_transc_int16_40%,Gen10LP,A0,0,syn,1,
FPU_transc_int16_55%,Gen10LP,A0,0,syn,1,
FPU_transc_int32_10%,Gen10LP,A0,0,syn,1,
FPU_transc_int32_20%,Gen10LP,A0,0,syn,1,
FPU_transc_int32_30%,Gen10LP,A0,0,syn,1,
FPU_transc_int32_40%,Gen10LP,A0,0,syn,1,
FPU_transc_int32_55%,Gen10LP,A0,0,syn,1,
FPU_transc_int64_10%,Gen10LP,A0,0,syn,1,
FPU_transc_int64_20%,Gen10LP,A0,0,syn,1,
FPU_transc_int64_30%,Gen10LP,A0,0,syn,1,
FPU_transc_int64_40%,Gen10LP,A0,0,syn,1,
FPU_transc_int64_55%,Gen10LP,A0,0,syn,1,
FPU_transc_intbypass_10%,Gen10LP,A0,0,syn,1,
FPU_transc_intbypass_20%,Gen10LP,A0,0,syn,1,
FPU_transc_intbypass_30%,Gen10LP,A0,0,syn,1,
FPU_transc_intbypass_40%,Gen10LP,A0,0,syn,1,
FPU_transc_intbypass_55%,Gen10LP,A0,0,syn,1,
PS0_EU_EM,Gen10LP,A0,1,syn,1,
PS0_EU_CLKGLUE,Gen10LP,A0,2.15,syn,1,
PS0_EU_DFX,Gen10LP,A0,0.14,syn,1,
PS0_EU_DOP,Gen10LP,A0,0,syn,1,
PS0_EU_NONCLKGLUE,Gen10LP,A0,0.41,syn,1,
PS0_EU_SMALL,Gen10LP,A0,1.15,syn,1,
PS0_EU_FPU,Gen10LP,A0,1,syn,1,
PS0_GA,Gen10LP,A0,3.39,syn,1,
PS1_EU_EM,Gen10LP,A0,8.35,syn,1,
PS1_EU_FPU,Gen10LP,A0,8.35,syn,1,
PS1_GA,Gen10LP,A0,5.01,syn,1,
PS1_EU_DOP,Gen10LP,A0,0,syn,1,
PS2_EU_CLKGLUE,Gen10LP,A0,2.15,syn,1,
PS2_EU_DFX,Gen10LP,A0,0.56,syn,1,
PS2_EU_DOP,Gen10LP,A0,1.99,syn,1,
PS2_EU_NONCLKGLUE,Gen10LP,A0,2.93,syn,1,
PS2_EU_SMALL,Gen10LP,A0,1.33,syn,1,
PS2_GA_EM1Src_FPU1Src_DualPipe_10%,Gen10LP,A0,31.04,syn,1,
PS2_GA_EM1Src_FPU1Src_DualPipe_20%,Gen10LP,A0,31.81,syn,1,
PS2_GA_EM1Src_FPU1Src_DualPipe_30%,Gen10LP,A0,34.37,syn,1,
PS2_GA_EM1Src_FPU1Src_DualPipe_40%,Gen10LP,A0,34.95,syn,1,
PS2_GA_EM1Src_FPU1Src_DualPipe_55%,Gen10LP,A0,37.38,syn,1,
PS2_GA_EM1Src_FPU2Src_DualPipe_10%,Gen10LP,A0,35.69,syn,1,
PS2_GA_EM1Src_FPU2Src_DualPipe_20%,Gen10LP,A0,37.2,syn,1,
PS2_GA_EM1Src_FPU2Src_DualPipe_30%,Gen10LP,A0,38.07,syn,1,
PS2_GA_EM1Src_FPU2Src_DualPipe_40%,Gen10LP,A0,40.38,syn,1,
PS2_GA_EM1Src_FPU2Src_DualPipe_55%,Gen10LP,A0,40.82,syn,1,
PS2_GA_EM1Src_FPU3Src_DualPipe_10%,Gen10LP,A0,40.33,syn,1,
PS2_GA_EM1Src_FPU3Src_DualPipe_20%,Gen10LP,A0,41.78,syn,1,
PS2_GA_EM1Src_FPU3Src_DualPipe_30%,Gen10LP,A0,42.59,syn,1,
PS2_GA_EM1Src_FPU3Src_DualPipe_40%,Gen10LP,A0,43.38,syn,1,
PS2_GA_EM1Src_FPU3Src_DualPipe_55%,Gen10LP,A0,46.68,syn,1,
PS2_GA_EM1Src_SinglePipe_10%,Gen10LP,A0,26.4,syn,1,
PS2_GA_EM1Src_SinglePipe_20%,Gen10LP,A0,26.41,syn,1,
PS2_GA_EM1Src_SinglePipe_30%,Gen10LP,A0,29.08,syn,1,
PS2_GA_EM1Src_SinglePipe_40%,Gen10LP,A0,30.67,syn,1,
PS2_GA_EM1Src_SinglePipe_55%,Gen10LP,A0,34.38,syn,1,
PS2_GA_EM2Src_FPU1Src_DualPipe_10%,Gen10LP,A0,35.47,syn,1,
PS2_GA_EM2Src_FPU1Src_DualPipe_20%,Gen10LP,A0,37.25,syn,1,
PS2_GA_EM2Src_FPU1Src_DualPipe_30%,Gen10LP,A0,41.43,syn,1,
PS2_GA_EM2Src_FPU1Src_DualPipe_40%,Gen10LP,A0,44.21,syn,1,
PS2_GA_EM2Src_FPU1Src_DualPipe_55%,Gen10LP,A0,46.33,syn,1,
PS2_GA_EM2Src_FPU2Src_DualPipe_10%,Gen10LP,A0,40.11,syn,1,
PS2_GA_EM2Src_FPU2Src_DualPipe_20%,Gen10LP,A0,42.64,syn,1,
PS2_GA_EM2Src_FPU2Src_DualPipe_30%,Gen10LP,A0,45.13,syn,1,
PS2_GA_EM2Src_FPU2Src_DualPipe_40%,Gen10LP,A0,49.33,syn,1,
PS2_GA_EM2Src_FPU2Src_DualPipe_55%,Gen10LP,A0,50.08,syn,1,
PS2_GA_EM2Src_FPU3Src_DualPipe_10%,Gen10LP,A0,44.75,syn,1,
PS2_GA_EM2Src_FPU3Src_DualPipe_20%,Gen10LP,A0,48.03,syn,1,
PS2_GA_EM2Src_FPU3Src_DualPipe_30%,Gen10LP,A0,48.83,syn,1,
PS2_GA_EM2Src_FPU3Src_DualPipe_40%,Gen10LP,A0,52.33,syn,1,
PS2_GA_EM2Src_FPU3Src_DualPipe_55%,Gen10LP,A0,55.95,syn,1,
PS2_GA_EM2Src_SinglePipe_10%,Gen10LP,A0,30.82,syn,1,
PS2_GA_EM2Src_SinglePipe_20%,Gen10LP,A0,31.86,syn,1,
PS2_GA_EM2Src_SinglePipe_30%,Gen10LP,A0,37.72,syn,1,
PS2_GA_EM2Src_SinglePipe_40%,Gen10LP,A0,38.35,syn,1,
PS2_GA_EM2Src_SinglePipe_55%,Gen10LP,A0,43.33,syn,1,
PS2_GA_EM3Src_FPU1Src_DualPipe_10%,Gen10LP,A0,39.89,syn,1,
PS2_GA_EM3Src_FPU1Src_DualPipe_20%,Gen10LP,A0,42.69,syn,1,
PS2_GA_EM3Src_FPU1Src_DualPipe_30%,Gen10LP,A0,48.48,syn,1,
PS2_GA_EM3Src_FPU1Src_DualPipe_40%,Gen10LP,A0,53.48,syn,1,
PS2_GA_EM3Src_FPU1Src_DualPipe_55%,Gen10LP,A0,55.28,syn,1,
PS2_GA_EM3Src_FPU2Src_DualPipe_10%,Gen10LP,A0,44.53,syn,1,
PS2_GA_EM3Src_FPU2Src_DualPipe_20%,Gen10LP,A0,48.08,syn,1,
PS2_GA_EM3Src_FPU2Src_DualPipe_30%,Gen10LP,A0,52.18,syn,1,
PS2_GA_EM3Src_FPU2Src_DualPipe_40%,Gen10LP,A0,58.28,syn,1,
PS2_GA_EM3Src_FPU2Src_DualPipe_55%,Gen10LP,A0,59.35,syn,1,
PS2_GA_EM3Src_FPU3Src_DualPipe_10%,Gen10LP,A0,49.18,syn,1,
PS2_GA_EM3Src_FPU3Src_DualPipe_20%,Gen10LP,A0,53.48,syn,1,
PS2_GA_EM3Src_FPU3Src_DualPipe_30%,Gen10LP,A0,55.89,syn,1,
PS2_GA_EM3Src_FPU3Src_DualPipe_40%,Gen10LP,A0,61.28,syn,1,
PS2_GA_EM3Src_FPU3Src_DualPipe_55%,Gen10LP,A0,65.21,syn,1,
PS2_GA_EM3Src_SinglePipe_10%,Gen10LP,A0,35.25,syn,1,
PS2_GA_EM3Src_SinglePipe_20%,Gen10LP,A0,37.3,syn,1,
PS2_GA_EM3Src_SinglePipe_30%,Gen10LP,A0,44.78,syn,1,
PS2_GA_EM3Src_SinglePipe_40%,Gen10LP,A0,47.61,syn,1,
PS2_GA_EM3Src_SinglePipe_55%,Gen10LP,A0,52.28,syn,1,
PS2_GA_FPU1Src_SinglePipe_10%,Gen10LP,A0,25.68,syn,1,
PS2_GA_FPU1Src_SinglePipe_20%,Gen10LP,A0,26.37,syn,1,
PS2_GA_FPU1Src_SinglePipe_30%,Gen10LP,A0,26.62,syn,1,
PS2_GA_FPU1Src_SinglePipe_40%,Gen10LP,A0,27.32,syn,1,
PS2_GA_FPU1Src_SinglePipe_55%,Gen10LP,A0,28.43,syn,1,
PS2_GA_FPU2Src_SinglePipe_10%,Gen10LP,A0,31.02,syn,1,
PS2_GA_FPU2Src_SinglePipe_20%,Gen10LP,A0,31.43,syn,1,
PS2_GA_FPU2Src_SinglePipe_30%,Gen10LP,A0,31.55,syn,1,
PS2_GA_FPU2Src_SinglePipe_40%,Gen10LP,A0,31.76,syn,1,
PS2_GA_FPU2Src_SinglePipe_55%,Gen10LP,A0,31.26,syn,1,
PS2_GA_FPU3Src_SinglePipe_10%,Gen10LP,A0,34.42,syn,1,
PS2_GA_FPU3Src_SinglePipe_20%,Gen10LP,A0,34.72,syn,1,
PS2_GA_FPU3Src_SinglePipe_30%,Gen10LP,A0,35.91,syn,1,
PS2_GA_FPU3Src_SinglePipe_40%,Gen10LP,A0,37.15,syn,1,
PS2_GA_FPU3Src_SinglePipe_55%,Gen10LP,A0,37.42,syn,1,
PS0_GRF,Gen10LP,A0,0,syn,1,
PS2_GRF_READ,Gen10LP,A0,17.21,syn,1,
PS2_GRF_WRITE,Gen10LP,A0,15.91,syn,1,
PS0_TC,Gen10LP,A0,5.34,syn,1,
PS1_TC,Gen10LP,A0,19.89,syn,1,
PS2_TC,Gen10LP,A0,13.97,syn,1,
PS0_MA,Gen10LP,A0,2.94,syn,1,
PS1_MA,Gen10LP,A0,3.43,syn,1,
PS2_MA_IN,Gen10LP,A0,20.71,syn,1,
PS2_MA_OUT,Gen10LP,A0,4.33,syn,1,
PS0_IC,Gen10LP,A0,2.96,syn,1,
PS1_IC,Gen10LP,A0,10.32,syn,1,
PS2_IC,Gen10LP,A0,22.78,syn,1,
PS0_IC_DATARAM,Gen10LP,A0,0,syn,1,
PS2_IC_DATARAM_FRONTBUFFER_READ,Gen10LP,A0,0,syn,1,
PS2_IC_DATARAM_READ,Gen10LP,A0,0,syn,1,
PS2_IC_DATARAM_WRITE,Gen10LP,A0,0,syn,1,
PS0_TDL,Gen10LP,A0,7.87,syn,1,
PS1_TDL,Gen10LP,A0,9.77,syn,1,
PS2_TDL_NONPSDDISPATCH,Gen10LP,A0,13.27,syn,1,
PS2_TDL_PSDDISPATCH,Gen10LP,A0,18.28,syn,1,
PS0_TDC,Gen10LP,A0,2.22,syn,1,
PS1_TDC,Gen10LP,A0,4.97,syn,1,
PS2_TDC,Gen10LP,A0,4.97,syn,1,
PS0_GWL,Gen10LP,A0,1.88,syn,1,
PS1_GWL,Gen10LP,A0,2.15,syn,1,
PS2_GWL,Gen10LP,A0,6.43,syn,1,
PS0_GTI_mbcunit1,Gen10LP,A0,1.5,syn,1,
PS0_GTI_mdrbunit1,Gen10LP,A0,1.01,syn,1,
PS2_GTI_mfcunit1,Gen10LP,A0,1.07,syn,1,
PS0_GTI_mfcunit1,Gen10LP,A0,0.84,syn,1,
PS1_GTI_mfcunit1,Gen10LP,A0,2.03,syn,1,
PS2_GTI_mgsrunit1,Gen10LP,A0,7,syn,1,
PS1_GTI_mgsrunit1,Gen10LP,A0,5,syn,1,
PS0_GTI_mgsrunit1,Gen10LP,A0,3,syn,1,
PS2_MIDI_WRITE,Gen10LP,A0,40.12,syn,1,
PS2_MIDI_READ,Gen10LP,A0,2.08,syn,1,
PS0_MIDI,Gen10LP,A0,0.31,syn,1,
PS1_MIDI,Gen10LP,A0,3.9,syn,1,
PS2_MISD_WRITE,Gen10LP,A0,150.88,syn,1,
PS2_MISD_READ,Gen10LP,A0,161,syn,1,
PS0_MISD,Gen10LP,A0,6.72,syn,1,
PS1_MISD,Gen10LP,A0,46.13,syn,1,
PS2_msnp,Gen10LP,A0,3.6,syn,1,
PS0_msnp,Gen10LP,A0,4.24,syn,1,
PS1_msnp,Gen10LP,A0,12.29,syn,1,
PS2_MSQC,Gen10LP,A0,90.56,syn,1,
PS0_MSQC,Gen10LP,A0,5.05,syn,1,
PS1_MSQC,Gen10LP,A0,45.89,syn,1,
PS2_MSQD_READ,Gen10LP,A0,61.83,syn,1,
PS2_MSQD_WRITE,Gen10LP,A0,68.99,syn,1,
PS0_MSQD,Gen10LP,A0,12.89,syn,1,
PS1_MSQD,Gen10LP,A0,25.36,syn,1,
PS2_MBGF_READ,Gen10LP,A0,80,syn,1,
PS2_MBGF_WRITE,Gen10LP,A0,80,syn,1,
PS0_MBGF,Gen10LP,A0,40,syn,1,
PS1_MBGF,Gen10LP,A0,50,syn,1,
PS0_guc,Gen10LP,A0,20,syn,1,
PS1_guc_memarbstall,Gen10LP,A0,30,syn,1,
PS2_guc_inthandle,Gen10LP,A0,50,syn,1,
PS2_guc_rsadmaboot,Gen10LP,A0,50,syn,1,
PS2_guc_synthall,Gen10LP,A0,50,syn,1,
PS0_CS,Gen10LP,A0,13,syn,1,
PS1_CS,Gen10LP,A0,15,syn,1,
PS2_CS,Gen10LP,A0,72,syn,1,
PS2_CS_Media,Gen10LP,A0,72,syn,1,
PS0_VECSUNIT,Gen10LP,A0,13,syn,1,
PS1_VECSUNIT,Gen10LP,A0,15,syn,1,
PS2_VECSUNIT,Gen10LP,A0,72,syn,1,
PS0_VCSUNIT,Gen10LP,A0,13,syn,1,
PS1_VCSUNIT,Gen10LP,A0,15,syn,1,
PS2_VCSUNIT,Gen10LP,A0,72,syn,1,
PS0_BCSUNIT,Gen10LP,A0,13,syn,1,
PS1_BCSUNIT,Gen10LP,A0,15,syn,1,
PS2_BCSUNIT,Gen10LP,A0,72,syn,1,
PS0_FL,Gen10LP,A0,0.48,syn,1,
PS1_FL,Gen10LP,A0,13.65,syn,1,
PS2_FL_SampleC_Gather4C,Gen10LP,A0,260.7872448,syn,1,
PS2_FL_SampleC_Gather4C_Bypass,Gen10LP,A0,260.7872448,syn,1,
PS2_FL_Gather4_Bypass,Gen10LP,A0,222.5872448,syn,1,
PS2_FL_Data_Dep_Bypass_Nearest,Gen10LP,A0,222.5872448,syn,1,
PS2_FL_Data_Dep_Bypass_Bilinear,Gen10LP,A0,222.5872448,syn,1,
PS2_FL_Data_Dep_Bypass_Trilinear,Gen10LP,A0,222.5872448,syn,1,
PS2_FL_Data_Dep_Bypass_LinearAniso,Gen10LP,A0,222.5872448,syn,1,
PS2_FL_Data_Dep_Bypass_NonLinearAniso,Gen10LP,A0,222.5872448,syn,1,
PS2_FL_Data_Dep_Bypass_LinearFastAniso,Gen10LP,A0,222.5872448,syn,1,
PS2_FL_Data_Dep_Bypass_NonLinearFastAniso,Gen10LP,A0,222.5872448,syn,1,
PS2_FL_Data_Dep_Bypass_FastLinear,Gen10LP,A0,222.5872448,syn,1,
PS2_FL_Data_Dep_Bypass_Else,Gen10LP,A0,222.5872448,syn,1,
PS2_FL_Nearest_Float16,Gen10LP,A0,222.5872448,syn,1,
PS2_FL_Nearest_Float32,Gen10LP,A0,222.5872448,syn,1,
PS2_FL_Nearest_Else,Gen10LP,A0,222.5872448,syn,1,
PS2_FL_Bilinear_Float16,Gen10LP,A0,222.5872448,syn,1,
PS2_FL_Bilinear_Float32,Gen10LP,A0,222.5872448,syn,1,
PS2_FL_Bilinear_Else,Gen10LP,A0,222.5872448,syn,1,
PS2_FL_Trilinear_Float16,Gen10LP,A0,260.7872448,syn,1,
PS2_FL_Trilinear_Float32,Gen10LP,A0,260.7872448,syn,1,
PS2_FL_Trilinear_Else,Gen10LP,A0,260.7872448,syn,1,
PS2_FL_LinearAniso_Float16,Gen10LP,A0,222.5872448,syn,1,
PS2_FL_LinearAniso_Float32,Gen10LP,A0,222.5872448,syn,1,
PS2_FL_LinearAniso_Else,Gen10LP,A0,222.5872448,syn,1,
PS2_FL_NonLinearAniso_Float16,Gen10LP,A0,222.5872448,syn,1,
PS2_FL_NonLinearAniso_Float32,Gen10LP,A0,222.5872448,syn,1,
PS2_FL_NonLinearAniso_Else,Gen10LP,A0,222.5872448,syn,1,
PS2_FL_LinearFastAniso_Float16,Gen10LP,A0,260.95,syn,1,
PS2_FL_LinearFastAniso_Float32,Gen10LP,A0,260.95,syn,1,
PS2_FL_LinearFastAniso_Else,Gen10LP,A0,260.95,syn,1,
PS2_FL_NonLinearFastAniso_Float16,Gen10LP,A0,260.95,syn,1,
PS2_FL_NonLinearFastAniso_Float32,Gen10LP,A0,260.95,syn,1,
PS2_FL_NonLinearFastAniso_Else,Gen10LP,A0,260.95,syn,1,
PS2_FL_FastLinear_Float16,Gen10LP,A0,222.5872448,syn,1,
PS2_FL_FastLinear_Float32,Gen10LP,A0,222.5872448,syn,1,
PS2_FL_FastLinear_Else,Gen10LP,A0,222.5872448,syn,1,
PS2_FL_Else,Gen10LP,A0,222.5872448,syn,1,
PS0_PL,Gen10LP,A0,0.32,syn,1,
PS1_PL,Gen10LP,A0,6.63,syn,1,
PS2_PL_Sample_L,Gen10LP,A0,82.35536906,syn,1,
PS2_PL_Sample_L_MipCount0,Gen10LP,A0,82.35536906,syn,1,
PS2_PL_Gather4PO,Gen10LP,A0,82.35536906,syn,1,
PS2_PL_LD,Gen10LP,A0,82.35536906,syn,1,
PS2_PL_Bilinear,Gen10LP,A0,82.35536906,syn,1,
PS2_PL_Bilinear_EWA,Gen10LP,A0,82.35536906,syn,1,
PS2_PL_Trilinear,Gen10LP,A0,82.35536906,syn,1,
PS2_PL_Trilinear_EWA,Gen10LP,A0,82.35536906,syn,1,
PS2_PL_LinearAniso,Gen10LP,A0,82.51,syn,1,
PS2_PL_LinearAniso_EWA,Gen10LP,A0,82.35536906,syn,1,
PS2_PL_NonLinearAniso,Gen10LP,A0,82.51,syn,1,
PS2_PL_NonLinearAniso_EWA,Gen10LP,A0,82.35536906,syn,1,
PS2_PL_Else,Gen10LP,A0,82.35536906,syn,1,
PS2_PL_Media_Sample8x8,Gen10LP,A0,0,syn,1,
PS0_SC,Gen10LP,A0,2.39,syn,1,
PS1_SC,Gen10LP,A0,39.66,syn,1,
PS2_SC_NearestMode_32BPT,Gen10LP,A0,135.0938587,syn,1,
PS2_SC_NearestMode_64BPT,Gen10LP,A0,135.0938587,syn,1,
PS2_SC_NearestMode_128BPT,Gen10LP,A0,135.0938587,syn,1,
PS2_SC_FastLinear_32BPT,Gen10LP,A0,135.09,syn,1,
PS2_SC_FastLinear_64BPT,Gen10LP,A0,135.0938587,syn,1,
PS2_SC_FastLinear_128BPT,Gen10LP,A0,135.09,syn,1,
PS2_SC_LinearFastAniso_32BPT,Gen10LP,A0,189.55,syn,1,
PS2_SC_LinearFastAniso_64BPT,Gen10LP,A0,189.55,syn,1,
PS2_SC_LinearFastAniso_128BPT,Gen10LP,A0,189.55,syn,1,
PS2_SC_NonLinearFastAniso_32BPT,Gen10LP,A0,189.55,syn,1,
PS2_SC_NonLinearFastAniso_64BPT,Gen10LP,A0,189.55,syn,1,
PS2_SC_NonLinearFastAniso_128BPT,Gen10LP,A0,189.55,syn,1,
PS2_SC_Bilinear_Trilinear_Aniso_32BPT,Gen10LP,A0,187.2833967,syn,1,
PS2_SC_Bilinear_Trilinear_Aniso_64BPT,Gen10LP,A0,187.2833967,syn,1,
PS2_SC_Bilinear_Trilinear_Aniso_128BPT,Gen10LP,A0,187.2833967,syn,1,
PS2_SC_Else,Gen10LP,A0,187.2833967,syn,1,
PS2_SC_Media_Sample8x8,Gen10LP,A0,0,syn,1,
PS0_ST,Gen10LP,A0,4.435290502,syn,1,
PS1_ST,Gen10LP,A0,9.784345657,syn,1,
PS2_ST_1Bank_Enable,Gen10LP,A0,15.53611703,syn,1,
PS2_ST_2Bank_Enable,Gen10LP,A0,3.70056396,syn,1,
PS2_ST_3Bank_Enable,Gen10LP,A0,3.70056396,syn,1,
PS2_ST_4Bank_Enable,Gen10LP,A0,3.70056396,syn,1,
PS2_ST_1Bank_Enable_SameADD,Gen10LP,A0,3.70056396,syn,1,
PS0_DG,Gen10LP,A0,0.36418911,syn,1,
PS1_DG,Gen10LP,A0,8.34,syn,1,
PS2_DG_Volumetric_32BPT,Gen10LP,A0,55.68299854,syn,1,
PS2_DG_Volumetric_64BPT,Gen10LP,A0,55.68299854,syn,1,
PS2_DG_Volumetric_128BPT,Gen10LP,A0,55.68299854,syn,1,
PS2_DG_Gather4_32BPT,Gen10LP,A0,55.68299854,syn,1,
PS2_DG_Gather4_64BPT,Gen10LP,A0,55.68299854,syn,1,
PS2_DG_Gather4_128BPT,Gen10LP,A0,55.68299854,syn,1,
PS2_DG_AnisoLessThanOrEqualTo_8way_32BPT,Gen10LP,A0,55.68299854,syn,1,
PS2_DG_AnisoLessThanOrEqualTo_8way_64BPT,Gen10LP,A0,55.68299854,syn,1,
PS2_DG_AnisoLessThanOrEqualTo_8way_128BPT,Gen10LP,A0,0.29348511,syn,1,
PS2_DG_AnisoGreaterThan_8way_32BPT,Gen10LP,A0,0.29348511,syn,1,
PS2_DG_AnisoGreaterThan_8way_64BPT,Gen10LP,A0,0.29348511,syn,1,
PS2_DG_AnisoGreaterThan_8way_128BPT,Gen10LP,A0,0.29348511,syn,1,
PS2_DG_Trilinear_32BPT,Gen10LP,A0,55.68299854,syn,1,
PS2_DG_Trilinear_64BPT,Gen10LP,A0,55.68299854,syn,1,
PS2_DG_Trilinear_128BPT,Gen10LP,A0,55.68299854,syn,1,
PS2_DG_Bilinear_32BPT,Gen10LP,A0,55.68299854,syn,1,
PS2_DG_Bilinear_64BPT,Gen10LP,A0,55.68299854,syn,1,
PS2_DG_Bilinear_128BPT,Gen10LP,A0,55.68299854,syn,1,
PS2_DG_FastLinear_32BPT,Gen10LP,A0,55.68,syn,1,
PS2_DG_FastLinear_64BPT,Gen10LP,A0,55.68299854,syn,1,
PS2_DG_FastLinear_128BPT,Gen10LP,A0,55.68,syn,1,
PS2_DG_BabyDG_Enable,Gen10LP,A0,55.68299854,syn,1,
PS2_DG_Else,Gen10LP,A0,55.68299854,syn,1,
PS2_DG_Media_Sample8x8,Gen10LP,A0,0,syn,1,
PS0_SI,Gen10LP,A0,0.69,syn,1,
PS1_SI,Gen10LP,A0,5.16,syn,1,
PS2_SI_ANYPIXELMODE,Gen10LP,A0,47.44,syn,1,
PS2_SI_Media_Sample8x8,Gen10LP,A0,47.44,syn,1,
PS0_SO,Gen10LP,A0,0.93,syn,1,
PS1_SO,Gen10LP,A0,7.89,syn,1,
PS2_SO_ANYPIXELMODE,Gen10LP,A0,25.4,syn,1,
PS0_DM,Gen10LP,A0,9.45,syn,1,
PS1_DM,Gen10LP,A0,10.75,syn,1,
PS2_DM_BC1_5,Gen10LP,A0,43.92247171,syn,1,
PS2_DM_BC6_7,Gen10LP,A0,43.92247171,syn,1,
PS2_DM_BC1_3_SRGB,Gen10LP,A0,43.92247171,syn,1,
PS2_DM_BC7_SRGB,Gen10LP,A0,43.92247171,syn,1,
PS2_DM_ETC,Gen10LP,A0,43.92247171,syn,1,
PS2_DM_Else,Gen10LP,A0,43.92247171,syn,1,
PS2_DM_HIZ,Gen10LP,A0,44.33,syn,1,
PS2_DM_Z,Gen10LP,A0,44.33,syn,1,
PS2_DM_LOSSLESS,Gen10LP,A0,44.33,syn,1,
PS2_DM_ASTC_LDR_2D,Gen10LP,A0,43.92247171,syn,1,
PS2_DM_ASTC_LDR_3D,Gen10LP,A0,43.92247171,syn,1,
PS2_DM_ASTC_HDR_2D,Gen10LP,A0,43.92247171,syn,1,
PS2_DM_ASTC_HDR_3D,Gen10LP,A0,43.92247171,syn,1,
PS2_DM_Expanded,Gen10LP,A0,43.92247171,syn,1,
PS2_DM_Expanded_BYPASS,Gen10LP,A0,43.92247171,syn,1,
PS2_DM_Compressed_BYPASS,Gen10LP,A0,44.33,syn,1,
PS2_DM_Media_BYPASS,Gen10LP,A0,0,syn,1,
PS2_DM_Media_SRGB,Gen10LP,A0,0,syn,1,
PS2_DM_Media_Planar,Gen10LP,A0,0,syn,1,
PS0_FT,Gen10LP,A0,0.25,syn,1,
PS1_FT,Gen10LP,A0,7.28,syn,1,
PS2_FT,Gen10LP,A0,9.318550271,syn,1,
PS0_MT,Gen10LP,A0,1.1,syn,1,
PS1_MT,Gen10LP,A0,39.35,syn,1,
PS2_MT_BYPASS,Gen10LP,A0,5.371665205,syn,1,
PS2_MT_Tile_X,Gen10LP,A0,26.12175266,syn,1,
PS2_MT_Tile_Y,Gen10LP,A0,26.12175266,syn,1,
PS2_MT_Tile_else,Gen10LP,A0,26.12175266,syn,1,
PS0_SVSM,Gen10LP,A0,1.55,syn,1,
PS1_SVSM,Gen10LP,A0,4.81,syn,1,
PS2_SVSM,Gen10LP,A0,20.08,syn,1,
PS0_MT_LatFifo_IDLE,Gen10LP,A0,0,syn,1,
PS2_MT_LatFifo_READ,Gen10LP,A0,0,syn,1,
PS2_MT_LatFifo_WRITE,Gen10LP,A0,0,syn,1,
PS2_MT_LatFifo_READWRITE,Gen10LP,A0,0,syn,1,
PS0_MT_DataRam_IDLE,Gen10LP,A0,0,syn,1,
PS2_MT_DataRam_READ,Gen10LP,A0,0,syn,1,
PS2_MT_DataRam_WRITE,Gen10LP,A0,0,syn,1,
PS2_DM_PALRAM_READ,Gen10LP,A0,0,syn,1,
PS2_DM_PALRAM_WRITE,Gen10LP,A0,0,syn,1,
PS0_GTI,Gen10LP,A0,0,syn,1,
PS2_GTI,Gen10LP,A0,0,syn,1,
PS2_GTI_BW,Gen10LP,A0,0,syn,1,
PS0_GTI_Glue,Gen10LP,A0,0,syn,1,
PS2_GTI_Glue,Gen10LP,A0,0,syn,1,
PS0_VID1,Gen10LP,A0,0,syn,1,
PS1_VID1,Gen10LP,A0,0,syn,1,
PS2_VID1,Gen10LP,A0,0,syn,1,
PS0_VID2,Gen10LP,A0,0,syn,1,
PS1_VID2,Gen10LP,A0,0,syn,1,
PS2_VID2,Gen10LP,A0,0,syn,1,
PS0_VID3,Gen10LP,A0,0,syn,1,
PS1_VID3,Gen10LP,A0,0,syn,1,
PS2_VID3,Gen10LP,A0,0,syn,1,
PS0_VID4,Gen10LP,A0,0,syn,1,
PS1_VID4,Gen10LP,A0,0,syn,1,
PS2_VID4,Gen10LP,A0,0,syn,1,
PS0_VID5,Gen10LP,A0,0,syn,1,
PS1_VID5,Gen10LP,A0,0,syn,1,
PS2_VID5,Gen10LP,A0,0,syn,1,
PS0_VID_Glue,Gen10LP,A0,0,syn,1,
PS1_VID_Glue,Gen10LP,A0,0,syn,1,
PS2_VID_Glue,Gen10LP,A0,0,syn,1,
PS0_ClkSpine,Gen10LP,A0,0,syn,1,
PS1_ClkSpine,Gen10LP,A0,0,syn,1,
PS2_CLK_FF_ClkSpine,Gen10LP,A0,0,syn,1,
PS2_CLK_FF_Dop1xbuf,Gen10LP,A0,0,syn,1,
PS2_CLK_FF_Dop2xbuf,Gen10LP,A0,0,syn,1,
PS2_CLK_SC_ClkSpine,Gen10LP,A0,0,syn,1,
PS2_CLK_SC_Dop1xbuf,Gen10LP,A0,0,syn,1,
PS2_CLK_SC_Dop2xbuf,Gen10LP,A0,0,syn,1,
PS2_CLK_EU_ClkSpine,Gen10LP,A0,0,syn,1,
PS2_CLK_EU_Dop1xbuf,Gen10LP,A0,0,syn,1,
PS2_CLK_EU_Dop2xbuf,Gen10LP,A0,0,syn,1,
PS2_CLK_HS_ClkSpine,Gen10LP,A0,0,syn,1,
PS2_CLK_HS_Dop1xbuf,Gen10LP,A0,0,syn,1,
PS2_CLK_HS_Dop2xbuf,Gen10LP,A0,0,syn,1,
PS2_CLK_L3-CBR_ClkSpine,Gen10LP,A0,0,syn,1,
PS2_CLK_L3-CBR_Dop1xbuf,Gen10LP,A0,0,syn,1,
PS2_CLK_L3-CBR_Dop2xbuf,Gen10LP,A0,0,syn,1,
PS2_CLK_L3-nonSLMbank_ClkSpine,Gen10LP,A0,0,syn,1,
PS2_CLK_L3-nonSLMBank_Dop1xbuf,Gen10LP,A0,0,syn,1,
PS2_CLK_L3-nonSLMBank_Dop2xbuf,Gen10LP,A0,0,syn,1,
PS2_CLK_L3-SLMbank_ClkSpine,Gen10LP,A0,0,syn,1,
PS2_CLK_L3-SLMbank_Dop1xbuf,Gen10LP,A0,0,syn,1,
PS2_CLK_L3-SLMbank_Dop2xbuf,Gen10LP,A0,0,syn,1,
PS2_CLK_GTI_ClkSpine,Gen10LP,A0,0,syn,1,
PS2_CLK_GTI_Dop1xbuf,Gen10LP,A0,0,syn,1,
PS2_CLK_GTI_Dop2xbuf,Gen10LP,A0,0,syn,1,
PS2_CLK_Other_ClkSpine,Gen10LP,A0,0,syn,1,
PS0_GT3_Routing_Channel,Gen10LP,A0,0,syn,1,
PS1_GT3_Routing_Channel,Gen10LP,A0,0,syn,1,
PS2_GT3_Routing_Channel,Gen10LP,A0,0,syn,1,
PS0_BTGEN_Cache_Idle,Gen9LPClient,A0,0,ebb,1,
PS0_BTGEN_Cache_Read,Gen9LPClient,A0,6.593,ebb,1,
PS0_BTGEN_Cache_ReadWrite,Gen9LPClient,A0,17.515,ebb,1,
PS0_BTGEN_Cache_Write,Gen9LPClient,A0,10.922,ebb,1,
PS0_DAPRSS_BYPASSRAM,Gen9LPClient,A0,0,ebb,1,
PS0_DX9_Cache_Idle,Gen9LPClient,A0,0,ebb,1,
PS0_DX9_Cache_Read,Gen9LPClient,A0,26.371,ebb,1,512 bits assumed. Need to check with gSim.
PS0_DX9_Cache_ReadWrite,Gen9LPClient,A0,70.059,ebb,1,512 bits assumed. Need to check with gSim.
PS0_DX9_Cache_Write,Gen9LPClient,A0,43.688,ebb,1,512 bits assumed. Need to check with gSim.
PS0_GS_Cache_Idle,Gen9LPClient,A0,0,ebb,1,
PS0_HS_Cache_Idle,Gen9LPClient,A0,0,ebb,1,
PS0_IC_DATARAM,Gen9LPClient,A0,0,ebb,1,
PS0_LTCD_EBB,Gen9LPClient,A0,0,ebb,1,
PS0_MT_DataRam_IDLE,Gen9LPClient,A0,0,ebb,1,
PS0_MT_LatFifo_IDLE,Gen9LPClient,A0,0,ebb,1,
PS0_PSD_BARYPAYLDASMRAM,Gen9LPClient,A0,0,ebb,1,
PS0_PSD_SCOREBOARD,Gen9LPClient,A0,0,ebb,1,
PS0_SC_DataRam_IDLE,Gen9LPClient,A0,0,ebb,1,
PS0_SC_LatFifo_IDLE,Gen9LPClient,A0,0,ebb,1,
PS0_SOL_Cache_Idle,Gen9LPClient,A0,0,ebb,1,
PS0_TDS_Cache_Idle,Gen9LPClient,A0,0,ebb,1,96 bits assumed. Need to check with gSim.
PS0_VF_Cache_Idle,Gen9LPClient,A0,0,ebb,1,Doubling for be1/2. Need to check with gSim.
PS0_VF_URBFifo_Idle,Gen9LPClient,A0,0,ebb,1,Doubling for be1/2. Need to check with gSim.
PS0_VS_Cache_Idle,Gen9LPClient,A0,0,ebb,1,32 bits assumed. Need to check with gSim.
PS1_LTCD_EBB,Gen9LPClient,A0,0,ebb,1,
PS2_AVS_CoeffStorageRAM_READ,Gen9LPClient,A0,2.493,ebb,1,Need to confirm with Niraj
PS2_AVS_CoeffStorageRAM_WRITE,Gen9LPClient,A0,3.879,ebb,1,Need to confirm with Niraj
PS2_AVS_DataStorageRAM_READ,Gen9LPClient,A0,2.351,ebb,1,Need to confirm with Niraj
PS2_AVS_DataStorageRAM_WRITE,Gen9LPClient,A0,2.358,ebb,1,Need to confirm with Niraj
PS2_BC_BARYRAM_READ,Gen9LPClient,A0,33.041,ebb,1,Need to check with gSim - 8x116 io assumed
PS2_BC_BARYRAM_WRITE,Gen9LPClient,A0,32.943,ebb,1,Need to check with gSim - 8x116 io assumed
PS2_ClockSpine,Gen9LPClient,A0,352.818679,ebb,1,Taken from SKL EOQ1 Cdyn-max data
PS2_DAPRSS_BYPASSRAM_READ,Gen9LPClient,A0,14.139,ebb,1,Need to check with gSim - 2x128 bit io assumed
PS2_DAPRSS_BYPASSRAM_WRITE,Gen9LPClient,A0,31.214,ebb,1,Need to check with gSim - 2x128 bit io assumed
PS2_DM_PALRAM_READ,Gen9LPClient,A0,14.377,ebb,1,Need to confirm with Niraj
PS2_DM_PALRAM_WRITE,Gen9LPClient,A0,22.395,ebb,1,Need to confirm with Niraj
PS2_GAMD_Cache_READ,Gen9LPClient,A0,3.547,ebb,1,
PS2_GAMD_Cache_WRITE,Gen9LPClient,A0,4.562,ebb,1,
PS2_GAMTLB_EBB_READ,Gen9LPClient,A0,4.28,ebb,1,
PS2_GAMTLB_EBB_WRITE,Gen9LPClient,A0,2.767,ebb,1,
PS2_GAMW_READ,Gen9LPClient,A0,7.42,ebb,1,
PS2_GAMW_TLB_PEND_READ,Gen9LPClient,A0,4.918,ebb,1,
PS2_GAMW_TLB_PEND_WRITE,Gen9LPClient,A0,6.614,ebb,1,
PS2_GAMW_WRITE,Gen9LPClient,A0,11.323,ebb,1,
PS2_GRF_READ,Gen9LPClient,A0,6.867,ebb,1,
PS2_GRF_WRITE,Gen9LPClient,A0,11.237,ebb,1,
PS2_GS_Cache_Read,Gen9LPClient,A0,4.893,ebb,1,
PS2_GS_Cache_ReadWrite,Gen9LPClient,A0,15.6,ebb,1,
PS2_GS_Cache_Write,Gen9LPClient,A0,10.707,ebb,1,
PS2_HIZ_CACHE_READ,Gen9LPClient,A0,6.593,ebb,1,Using 128 bits. Need to confirm with gSim.
PS2_HIZ_CACHE_WRITE,Gen9LPClient,A0,10.922,ebb,1,Using 128 bits. Need to confirm with gSim.
PS2_HIZ_LATFIFO_READ,Gen9LPClient,A0,28.278,ebb,1,
PS2_HIZ_LATFIFO_WRITE,Gen9LPClient,A0,62.429,ebb,1,
PS2_HS_Cache_Read,Gen9LPClient,A0,4.893,ebb,1,
PS2_HS_Cache_ReadWrite,Gen9LPClient,A0,15.6,ebb,1,
PS2_HS_Cache_Write,Gen9LPClient,A0,10.707,ebb,1,
PS2_IC_DATARAM_FRONTBUFFER_READ,Gen9LPClient,A0,62.429,ebb,1,Need to check with gSim - 512 io assumed
PS2_IC_DATARAM_READ,Gen9LPClient,A0,28.278,ebb,1,Need to check with gSim - 512 io assumed
PS2_IC_DATARAM_WRITE,Gen9LPClient,A0,90.707,ebb,1,Need to check with gSim - 512 io assumed
PS2_IZ_BARYCOEFFIFO_READ,Gen9LPClient,A0,14.139,ebb,1,
PS2_IZ_BARYCOEFFIFO_WRITE,Gen9LPClient,A0,31.214,ebb,1,
PS2_IZ_LATFIFO_READ,Gen9LPClient,A0,14.139,ebb,1,
PS2_IZ_LATFIFO_WRITE,Gen9LPClient,A0,31.214,ebb,1,
PS2_IZ_POLYFIFO_READ,Gen9LPClient,A0,21.209,ebb,1,
PS2_IZ_POLYFIFO_WRITE,Gen9LPClient,A0,46.822,ebb,1,
PS2_IZ_WCOEFFIFO_READ,Gen9LPClient,A0,7.07,ebb,1,
PS2_IZ_WCOEFFIFO_WRITE,Gen9LPClient,A0,15.607,ebb,1,
PS2_IZ_ZCOEFFFIFO_READ,Gen9LPClient,A0,0,ebb,1,Does not exist in SKL anymore
PS2_IZ_ZCOEFFFIFO_WRITE,Gen9LPClient,A0,0,ebb,1,Does not exist in SKL anymore
PS2_LTCD_EBB_HB_Read,Gen9LPClient,A0,168.8466,ebb,1,Normalized to 0.6GHz
PS2_LTCD_EBB_HB_Write,Gen9LPClient,A0,324.2172,ebb,1,Normalized to 0.6GHz
PS2_LTCD_EBB_Read,Gen9LPClient,A0,120.8878,ebb,1,Normalized to 0.6GHz
PS2_LTCD_EBB_Write,Gen9LPClient,A0,231.8668,ebb,1,Normalized to 0.6GHz
PS2_MSC_CACHE_READ,Gen9LPClient,A0,53.012,ebb,1,Assuming 512 bits. No banking in gSim for MSC
PS2_MSC_CACHE_WRITE,Gen9LPClient,A0,88.649,ebb,1,Assuming 512 bits. No banking in gSim for MSC
PS2_MT_DataRam_READ,Gen9LPClient,A0,13.186,ebb,1,
PS2_MT_DataRam_READ&WRITE,Gen9LPClient,A0,35.03,ebb,1,
PS2_MT_DataRam_WRITE,Gen9LPClient,A0,21.844,ebb,1,
PS2_MT_LatFifo_READ,Gen9LPClient,A0,5.825,ebb,1,
PS2_MT_LatFifo_READ&WRITE,Gen9LPClient,A0,18.646,ebb,1,
PS2_MT_LatFifo_WRITE,Gen9LPClient,A0,12.821,ebb,1,
PS2_PSD_BARYPAYLDASMRAM_READ,Gen9LPClient,A0,9.327,ebb,1,Need to check with gSim - 2x128 io assumed
PS2_PSD_BARYPAYLDASMRAM_WRITE,Gen9LPClient,A0,11.299,ebb,1,Need to check with gSim - 2x128 io assumed
PS2_PSD_SCOREBOARD_READ,Gen9LPClient,A0,3.272,ebb,1,Need to check with gSim - 4x8 io assumed
PS2_PSD_SCOREBOARD_WRITE,Gen9LPClient,A0,6.219,ebb,1,Need to check with gSim - 4x8 io assumed
PS2_RCC_CACHE_READ,Gen9LPClient,A0,36.908,ebb,1,Assuming 512 bits. No banking in gSim for RCC.
PS2_RCC_CACHE_WRITE,Gen9LPClient,A0,79.794,ebb,1,Assuming 512 bits. No banking in gSim for RCC.
PS2_RCPFE_COLORLATFIFO_READ,Gen9LPClient,A0,42.417,ebb,1,
PS2_RCPFE_COLORLATFIFO_WRITE,Gen9LPClient,A0,93.643,ebb,1,
PS2_RCPFE_MCSLATFIFO_READ,Gen9LPClient,A0,14.139,ebb,1,
PS2_RCPFE_MCSLATFIFO_WRITE,Gen9LPClient,A0,31.214,ebb,1,
PS2_RCPFE_RCCLATFIFO_READ,Gen9LPClient,A0,3.629,ebb,1,
PS2_RCPFE_RCCLATFIFO_WRITE,Gen9LPClient,A0,5.67,ebb,1,
PS2_RCZ_CACHE_READ,Gen9LPClient,A0,7.258,ebb,1,Using 128 bits. Need to confirm with gSim.
PS2_RCZ_CACHE_WRITE,Gen9LPClient,A0,11.34,ebb,1,Using 128 bits. Need to confirm with gSim.
PS2_SC_DataRam_READ,Gen9LPClient,A0,57.508,ebb,1,
PS2_SC_DataRam_WRITE,Gen9LPClient,A0,89.58,ebb,1,
PS2_SC_LatFifo_READ,Gen9LPClient,A0,11.876,ebb,1,
PS2_SC_LatFifo_WRITE,Gen9LPClient,A0,29.459,ebb,1,
PS2_SOL_Cache_Read,Gen9LPClient,A0,2.061,ebb,1,
PS2_SOL_Cache_ReadWrite,Gen9LPClient,A0,5.219,ebb,1,
PS2_SOL_Cache_Write,Gen9LPClient,A0,3.158,ebb,1,
PS2_STC_CACHE_READ,Gen9LPClient,A0,9.843,ebb,1,Using 128 bits. Need to confirm with gSim.
PS2_STC_CACHE_WRITE,Gen9LPClient,A0,15.213,ebb,1,Using 128 bits. Need to confirm with gSim.
PS2_TDS_Cache_Read,Gen9LPClient,A0,7.358,ebb,1,96 bits assumed. Need to check with gSim.
PS2_TDS_Cache_ReadWrite,Gen9LPClient,A0,18.698,ebb,1,96 bits assumed. Need to check with gSim.
PS2_TDS_Cache_Write,Gen9LPClient,A0,11.34,ebb,1,96 bits assumed. Need to check with gSim.
PS2_VF_Cache_Read,Gen9LPClient,A0,3.708,ebb,1,Doubling for be1/2. Need to check with gSim.
PS2_VF_Cache_Write,Gen9LPClient,A0,3.69,ebb,1,Doubling for be1/2. Need to check with gSim.
PS2_VF_URBFifo_Read,Gen9LPClient,A0,2.978,ebb,1,Doubling for be1/2. Need to check with gSim.
PS2_VF_URBFifo_Write,Gen9LPClient,A0,3.15,ebb,1,Doubling for be1/2. Need to check with gSim.
PS2_VS_Cache_Read,Gen9LPClient,A0,2.435,ebb,1,32 bits assumed. Need to check with gSim.
PS2_VS_Cache_Write,Gen9LPClient,A0,4.434,ebb,1,32 bits assumed. Need to check with gSim.
PS2_WMFE_POLYFIFO_READ,Gen9LPClient,A0,39.557,ebb,1,
PS2_WMFE_POLYFIFO_WRITE,Gen9LPClient,A0,65.533,ebb,1,
