State,Source,Stepping,Weight,Type,GC,COMMENT,UNIT,CLUSTER,Annealing/TR
EM_add_floatbypass_10%,Gen8,B0,21.46,syn,397435.00,,EM,EU,
EM_add_floatbypass_20%,Gen8,B0,22.65,syn,397435.00,,EM,EU,
EM_add_floatbypass_30%,Gen8,B0,22.88,syn,397435.00,,EM,EU,
EM_add_floatbypass_40%,Gen8,B0,24.30,syn,397435.00,,EM,EU,
EM_add_floatbypass_55%,Gen8,B0,24.22,syn,397435.00,,EM,EU,
EM_add_fp16_10%,Gen8,B0,38.67,syn,397435.00,,EM,EU,
EM_add_fp16_20%,Gen8,B0,35.86,syn,397435.00,,EM,EU,
EM_add_fp16_30%,Gen8,B0,39.86,syn,397435.00,,EM,EU,
EM_add_fp16_40%,Gen8,B0,46.65,syn,397435.00,,EM,EU,
EM_add_fp16_55%,Gen8,B0,43.48,syn,397435.00,,EM,EU,
EM_add_fp32_10%,Gen8,B0,41.94,syn,397435.00,,EM,EU,
EM_add_fp32_20%,Gen8,B0,44.27,syn,397435.00,,EM,EU,
EM_add_fp32_30%,Gen8,B0,44.71,syn,397435.00,,EM,EU,
EM_add_fp32_40%,Gen8,B0,47.49,syn,397435.00,,EM,EU,
EM_add_fp32_55%,Gen8,B0,47.34,syn,397435.00,,EM,EU,
EM_add_fp64_10%,Gen8,B0,30.27,syn,397435.00,,EM,EU,
EM_add_fp64_20%,Gen8,B0,31.98,syn,397435.00,,EM,EU,
EM_add_fp64_30%,Gen8,B0,39.14,syn,397435.00,,EM,EU,
EM_add_fp64_40%,Gen8,B0,43.10,syn,397435.00,,EM,EU,
EM_add_fp64_55%,Gen8,B0,40.07,syn,397435.00,,EM,EU,
EM_add_int16_10%,Gen8,B0,22.00,syn,397435.00,,EM,EU,
EM_add_int16_20%,Gen8,B0,26.83,syn,397435.00,,EM,EU,
EM_add_int16_30%,Gen8,B0,24.99,syn,397435.00,,EM,EU,
EM_add_int16_40%,Gen8,B0,32.19,syn,397435.00,,EM,EU,
EM_add_int16_55%,Gen8,B0,38.46,syn,397435.00,,EM,EU,
EM_add_int32_10%,Gen8,B0,22.14,syn,397435.00,,EM,EU,
EM_add_int32_20%,Gen8,B0,26.23,syn,397435.00,,EM,EU,
EM_add_int32_30%,Gen8,B0,25.99,syn,397435.00,,EM,EU,
EM_add_int32_40%,Gen8,B0,34.22,syn,397435.00,,EM,EU,
EM_add_int32_55%,Gen8,B0,38.48,syn,397435.00,,EM,EU,
EM_add_int64_10%,Gen8,B0,24.32,syn,397435.00,,EM,EU,
EM_add_int64_20%,Gen8,B0,24.30,syn,397435.00,,EM,EU,
EM_add_int64_30%,Gen8,B0,30.54,syn,397435.00,,EM,EU,
EM_add_int64_40%,Gen8,B0,30.88,syn,397435.00,,EM,EU,
EM_add_int64_55%,Gen8,B0,35.87,syn,397435.00,,EM,EU,
EM_add_intbypass_10%,Gen8,B0,11.33,syn,397435.00,,EM,EU,
EM_add_intbypass_20%,Gen8,B0,13.42,syn,397435.00,,EM,EU,
EM_add_intbypass_30%,Gen8,B0,13.30,syn,397435.00,,EM,EU,
EM_add_intbypass_40%,Gen8,B0,17.51,syn,397435.00,,EM,EU,
EM_add_intbypass_55%,Gen8,B0,19.69,syn,397435.00,,EM,EU,
EM_cmp_floatbypass_10%,Gen8,B0,12.55,syn,397435.00,,EM,EU,
EM_cmp_floatbypass_20%,Gen8,B0,15.52,syn,397435.00,,EM,EU,
EM_cmp_floatbypass_30%,Gen8,B0,16.77,syn,397435.00,,EM,EU,
EM_cmp_floatbypass_40%,Gen8,B0,18.86,syn,397435.00,,EM,EU,
EM_cmp_floatbypass_55%,Gen8,B0,14.84,syn,397435.00,,EM,EU,
EM_cmp_fp16_10%,Gen8,B0,21.62,syn,397435.00,,EM,EU,
EM_cmp_fp16_20%,Gen8,B0,27.17,syn,397435.00,,EM,EU,
EM_cmp_fp16_30%,Gen8,B0,28.89,syn,397435.00,,EM,EU,
EM_cmp_fp16_40%,Gen8,B0,36.04,syn,397435.00,,EM,EU,
EM_cmp_fp16_55%,Gen8,B0,27.70,syn,397435.00,,EM,EU,
EM_cmp_fp32_10%,Gen8,B0,19.42,syn,397435.00,,EM,EU,
EM_cmp_fp32_20%,Gen8,B0,24.01,syn,397435.00,,EM,EU,
EM_cmp_fp32_30%,Gen8,B0,25.95,syn,397435.00,,EM,EU,
EM_cmp_fp32_40%,Gen8,B0,29.18,syn,397435.00,,EM,EU,
EM_cmp_fp32_55%,Gen8,B0,22.96,syn,397435.00,,EM,EU,
EM_cmp_fp64_10%,Gen8,B0,26.88,syn,397435.00,,EM,EU,
EM_cmp_fp64_20%,Gen8,B0,31.25,syn,397435.00,,EM,EU,
EM_cmp_fp64_30%,Gen8,B0,34.12,syn,397435.00,,EM,EU,
EM_cmp_fp64_40%,Gen8,B0,36.78,syn,397435.00,,EM,EU,
EM_cmp_fp64_55%,Gen8,B0,37.31,syn,397435.00,,EM,EU,
EM_cmp_int16_10%,Gen8,B0,18.15,syn,397435.00,,EM,EU,
EM_cmp_int16_20%,Gen8,B0,22.00,syn,397435.00,,EM,EU,
EM_cmp_int16_30%,Gen8,B0,19.97,syn,397435.00,,EM,EU,
EM_cmp_int16_40%,Gen8,B0,23.19,syn,397435.00,,EM,EU,
EM_cmp_int16_55%,Gen8,B0,28.73,syn,397435.00,,EM,EU,
EM_cmp_int32_10%,Gen8,B0,19.05,syn,397435.00,,EM,EU,
EM_cmp_int32_20%,Gen8,B0,20.24,syn,397435.00,,EM,EU,
EM_cmp_int32_30%,Gen8,B0,22.68,syn,397435.00,,EM,EU,
EM_cmp_int32_40%,Gen8,B0,27.00,syn,397435.00,,EM,EU,
EM_cmp_int32_55%,Gen8,B0,31.90,syn,397435.00,,EM,EU,
EM_cmp_int64_10%,Gen8,B0,19.91,syn,397435.00,,EM,EU,
EM_cmp_int64_20%,Gen8,B0,21.48,syn,397435.00,,EM,EU,
EM_cmp_int64_30%,Gen8,B0,27.25,syn,397435.00,,EM,EU,
EM_cmp_int64_40%,Gen8,B0,27.75,syn,397435.00,,EM,EU,
EM_cmp_int64_55%,Gen8,B0,34.02,syn,397435.00,,EM,EU,
EM_cmp_intbypass_10%,Gen8,B0,12.31,syn,397435.00,,EM,EU,
EM_cmp_intbypass_20%,Gen8,B0,13.08,syn,397435.00,,EM,EU,
EM_cmp_intbypass_30%,Gen8,B0,14.66,syn,397435.00,,EM,EU,
EM_cmp_intbypass_40%,Gen8,B0,17.45,syn,397435.00,,EM,EU,
EM_cmp_intbypass_55%,Gen8,B0,20.61,syn,397435.00,,EM,EU,
EM_mac_floatbypass_10%,Gen8,B0,0.00,syn,397435.00,,EM,EU,
EM_mac_floatbypass_20%,Gen8,B0,0.00,syn,397435.00,,EM,EU,
EM_mac_floatbypass_30%,Gen8,B0,0.00,syn,397435.00,,EM,EU,
EM_mac_floatbypass_40%,Gen8,B0,0.00,syn,397435.00,,EM,EU,
EM_mac_floatbypass_55%,Gen8,B0,0.00,syn,397435.00,,EM,EU,
EM_mac_fp16_10%,Gen8,B0,0.00,syn,397435.00,,EM,EU,
EM_mac_fp16_20%,Gen8,B0,0.00,syn,397435.00,,EM,EU,
EM_mac_fp16_30%,Gen8,B0,0.00,syn,397435.00,,EM,EU,
EM_mac_fp16_40%,Gen8,B0,0.00,syn,397435.00,,EM,EU,
EM_mac_fp16_55%,Gen8,B0,0.00,syn,397435.00,,EM,EU,
EM_mac_fp32_10%,Gen8,B0,0.00,syn,397435.00,,EM,EU,
EM_mac_fp32_20%,Gen8,B0,0.00,syn,397435.00,,EM,EU,
EM_mac_fp32_30%,Gen8,B0,0.00,syn,397435.00,,EM,EU,
EM_mac_fp32_40%,Gen8,B0,0.00,syn,397435.00,,EM,EU,
EM_mac_fp32_55%,Gen8,B0,0.00,syn,397435.00,,EM,EU,
EM_mac_fp64_10%,Gen8,B0,0.00,syn,397435.00,,EM,EU,
EM_mac_fp64_20%,Gen8,B0,0.00,syn,397435.00,,EM,EU,
EM_mac_fp64_30%,Gen8,B0,0.00,syn,397435.00,,EM,EU,
EM_mac_fp64_40%,Gen8,B0,0.00,syn,397435.00,,EM,EU,
EM_mac_fp64_55%,Gen8,B0,0.00,syn,397435.00,,EM,EU,
EM_mac_int16_10%,Gen8,B0,0.00,syn,397435.00,,EM,EU,
EM_mac_int16_20%,Gen8,B0,0.00,syn,397435.00,,EM,EU,
EM_mac_int16_30%,Gen8,B0,0.00,syn,397435.00,,EM,EU,
EM_mac_int16_40%,Gen8,B0,0.00,syn,397435.00,,EM,EU,
EM_mac_int16_55%,Gen8,B0,0.00,syn,397435.00,,EM,EU,
EM_mac_int32_10%,Gen8,B0,0.00,syn,397435.00,,EM,EU,
EM_mac_int32_20%,Gen8,B0,0.00,syn,397435.00,,EM,EU,
EM_mac_int32_30%,Gen8,B0,0.00,syn,397435.00,,EM,EU,
EM_mac_int32_40%,Gen8,B0,0.00,syn,397435.00,,EM,EU,
EM_mac_int32_55%,Gen8,B0,0.00,syn,397435.00,,EM,EU,
EM_mac_int64_10%,Gen8,B0,0.00,syn,397435.00,,EM,EU,
EM_mac_int64_20%,Gen8,B0,0.00,syn,397435.00,,EM,EU,
EM_mac_int64_30%,Gen8,B0,0.00,syn,397435.00,,EM,EU,
EM_mac_int64_40%,Gen8,B0,0.00,syn,397435.00,,EM,EU,
EM_mac_int64_55%,Gen8,B0,0.00,syn,397435.00,,EM,EU,
EM_mac_intbypass_10%,Gen8,B0,0.00,syn,397435.00,,EM,EU,
EM_mac_intbypass_20%,Gen8,B0,0.00,syn,397435.00,,EM,EU,
EM_mac_intbypass_30%,Gen8,B0,0.00,syn,397435.00,,EM,EU,
EM_mac_intbypass_40%,Gen8,B0,0.00,syn,397435.00,,EM,EU,
EM_mac_intbypass_55%,Gen8,B0,0.00,syn,397435.00,,EM,EU,
EM_mad_floatbypass_10%,Gen8,B0,21.59,syn,397435.00,,EM,EU,
EM_mad_floatbypass_20%,Gen8,B0,25.94,syn,397435.00,,EM,EU,
EM_mad_floatbypass_30%,Gen8,B0,28.38,syn,397435.00,,EM,EU,
EM_mad_floatbypass_40%,Gen8,B0,33.02,syn,397435.00,,EM,EU,
EM_mad_floatbypass_55%,Gen8,B0,33.18,syn,397435.00,,EM,EU,
EM_mad_fp16_10%,Gen8,B0,48.63,syn,397435.00,,EM,EU,
EM_mad_fp16_20%,Gen8,B0,50.63,syn,397435.00,,EM,EU,
EM_mad_fp16_30%,Gen8,B0,52.58,syn,397435.00,,EM,EU,
EM_mad_fp16_40%,Gen8,B0,56.29,syn,397435.00,,EM,EU,
EM_mad_fp16_55%,Gen8,B0,65.58,syn,397435.00,,EM,EU,
EM_mad_fp32_10%,Gen8,B0,63.11,syn,397435.00,,EM,EU,
EM_mad_fp32_20%,Gen8,B0,75.81,syn,397435.00,,EM,EU,
EM_mad_fp32_30%,Gen8,B0,82.93,syn,397435.00,,EM,EU,
EM_mad_fp32_40%,Gen8,B0,96.49,syn,397435.00,,EM,EU,
EM_mad_fp32_55%,Gen8,B0,96.96,syn,397435.00,,EM,EU,
EM_mad_fp64_10%,Gen8,B0,60.91,syn,397435.00,,EM,EU,
EM_mad_fp64_20%,Gen8,B0,70.42,syn,397435.00,,EM,EU,
EM_mad_fp64_30%,Gen8,B0,71.98,syn,397435.00,,EM,EU,
EM_mad_fp64_40%,Gen8,B0,81.47,syn,397435.00,,EM,EU,
EM_mad_fp64_55%,Gen8,B0,88.52,syn,397435.00,,EM,EU,
EM_mad_int16_10%,Gen8,B0,0.00,syn,397435.00,,EM,EU,
EM_mad_int16_20%,Gen8,B0,0.00,syn,397435.00,,EM,EU,
EM_mad_int16_30%,Gen8,B0,0.00,syn,397435.00,,EM,EU,
EM_mad_int16_40%,Gen8,B0,0.00,syn,397435.00,,EM,EU,
EM_mad_int16_55%,Gen8,B0,0.00,syn,397435.00,,EM,EU,
EM_mad_int32_10%,Gen8,B0,0.00,syn,397435.00,,EM,EU,
EM_mad_int32_20%,Gen8,B0,0.00,syn,397435.00,,EM,EU,
EM_mad_int32_30%,Gen8,B0,0.00,syn,397435.00,,EM,EU,
EM_mad_int32_40%,Gen8,B0,0.00,syn,397435.00,,EM,EU,
EM_mad_int32_55%,Gen8,B0,0.00,syn,397435.00,,EM,EU,
EM_mad_int64_10%,Gen8,B0,0.00,syn,397435.00,,EM,EU,
EM_mad_int64_20%,Gen8,B0,0.00,syn,397435.00,,EM,EU,
EM_mad_int64_30%,Gen8,B0,0.00,syn,397435.00,,EM,EU,
EM_mad_int64_40%,Gen8,B0,0.00,syn,397435.00,,EM,EU,
EM_mad_int64_55%,Gen8,B0,0.00,syn,397435.00,,EM,EU,
EM_mad_intbypass_10%,Gen8,B0,0.00,syn,397435.00,,EM,EU,
EM_mad_intbypass_20%,Gen8,B0,0.00,syn,397435.00,,EM,EU,
EM_mad_intbypass_30%,Gen8,B0,0.00,syn,397435.00,,EM,EU,
EM_mad_intbypass_40%,Gen8,B0,0.00,syn,397435.00,,EM,EU,
EM_mad_intbypass_55%,Gen8,B0,0.00,syn,397435.00,,EM,EU,
EM_mov_bypass_10%,Gen8,B0,14.99,syn,397435.00,,EM,EU,
EM_mov_bypass_20%,Gen8,B0,12.91,syn,397435.00,,EM,EU,
EM_mov_bypass_30%,Gen8,B0,13.49,syn,397435.00,,EM,EU,
EM_mov_bypass_40%,Gen8,B0,14.73,syn,397435.00,,EM,EU,
EM_mov_bypass_55%,Gen8,B0,16.21,syn,397435.00,,EM,EU,
EM_mov_fp16_10%,Gen8,B0,14.99,syn,397435.00,,EM,EU,
EM_mov_fp16_20%,Gen8,B0,12.91,syn,397435.00,,EM,EU,
EM_mov_fp16_30%,Gen8,B0,13.49,syn,397435.00,,EM,EU,
EM_mov_fp16_40%,Gen8,B0,14.73,syn,397435.00,,EM,EU,
EM_mov_fp16_55%,Gen8,B0,16.21,syn,397435.00,,EM,EU,
EM_mov_fp32_10%,Gen8,B0,10.34,syn,397435.00,,EM,EU,
EM_mov_fp32_20%,Gen8,B0,11.35,syn,397435.00,,EM,EU,
EM_mov_fp32_30%,Gen8,B0,12.41,syn,397435.00,,EM,EU,
EM_mov_fp32_40%,Gen8,B0,17.31,syn,397435.00,,EM,EU,
EM_mov_fp32_55%,Gen8,B0,19.47,syn,397435.00,,EM,EU,
EM_mov_fp64_10%,Gen8,B0,19.93,syn,397435.00,,EM,EU,
EM_mov_fp64_20%,Gen8,B0,21.54,syn,397435.00,,EM,EU,
EM_mov_fp64_30%,Gen8,B0,20.14,syn,397435.00,,EM,EU,
EM_mov_fp64_40%,Gen8,B0,22.44,syn,397435.00,,EM,EU,
EM_mov_fp64_55%,Gen8,B0,29.05,syn,397435.00,,EM,EU,
EM_mov_int16_10%,Gen8,B0,10.45,syn,397435.00,,EM,EU,
EM_mov_int16_20%,Gen8,B0,15.41,syn,397435.00,,EM,EU,
EM_mov_int16_30%,Gen8,B0,12.56,syn,397435.00,,EM,EU,
EM_mov_int16_40%,Gen8,B0,17.64,syn,397435.00,,EM,EU,
EM_mov_int16_55%,Gen8,B0,17.00,syn,397435.00,,EM,EU,
EM_mov_int32_10%,Gen8,B0,13.90,syn,397435.00,,EM,EU,
EM_mov_int32_20%,Gen8,B0,11.55,syn,397435.00,,EM,EU,
EM_mov_int32_30%,Gen8,B0,16.06,syn,397435.00,,EM,EU,
EM_mov_int32_40%,Gen8,B0,17.74,syn,397435.00,,EM,EU,
EM_mov_int32_55%,Gen8,B0,20.77,syn,397435.00,,EM,EU,
EM_mov_int64_10%,Gen8,B0,16.83,syn,397435.00,,EM,EU,
EM_mov_int64_20%,Gen8,B0,21.63,syn,397435.00,,EM,EU,
EM_mov_int64_30%,Gen8,B0,23.38,syn,397435.00,,EM,EU,
EM_mov_int64_40%,Gen8,B0,26.04,syn,397435.00,,EM,EU,
EM_mov_int64_55%,Gen8,B0,26.83,syn,397435.00,,EM,EU,
EM_mov_intbypass_10%,Gen8,B0,13.90,syn,397435.00,,EM,EU,
EM_mov_intbypass_20%,Gen8,B0,11.55,syn,397435.00,,EM,EU,
EM_mov_intbypass_30%,Gen8,B0,16.06,syn,397435.00,,EM,EU,
EM_mov_intbypass_40%,Gen8,B0,17.74,syn,397435.00,,EM,EU,
EM_mov_intbypass_55%,Gen8,B0,20.77,syn,397435.00,,EM,EU,
EM_mul_floatbypass_10%,Gen8,B0,8.20,syn,397435.00,,EM,EU,
EM_mul_floatbypass_20%,Gen8,B0,9.84,syn,397435.00,,EM,EU,
EM_mul_floatbypass_30%,Gen8,B0,10.89,syn,397435.00,,EM,EU,
EM_mul_floatbypass_40%,Gen8,B0,12.11,syn,397435.00,,EM,EU,
EM_mul_floatbypass_55%,Gen8,B0,13.06,syn,397435.00,,EM,EU,
EM_mul_fp16_10%,Gen8,B0,35.70,syn,397435.00,,EM,EU,
EM_mul_fp16_20%,Gen8,B0,39.03,syn,397435.00,,EM,EU,
EM_mul_fp16_30%,Gen8,B0,40.33,syn,397435.00,,EM,EU,
EM_mul_fp16_40%,Gen8,B0,44.07,syn,397435.00,,EM,EU,
EM_mul_fp16_55%,Gen8,B0,49.87,syn,397435.00,,EM,EU,
EM_mul_fp32_10%,Gen8,B0,46.92,syn,397435.00,,EM,EU,
EM_mul_fp32_20%,Gen8,B0,56.32,syn,397435.00,,EM,EU,
EM_mul_fp32_30%,Gen8,B0,62.31,syn,397435.00,,EM,EU,
EM_mul_fp32_40%,Gen8,B0,69.27,syn,397435.00,,EM,EU,
EM_mul_fp32_55%,Gen8,B0,74.74,syn,397435.00,,EM,EU,
EM_mul_fp64_10%,Gen8,B0,54.69,syn,397435.00,,EM,EU,
EM_mul_fp64_20%,Gen8,B0,59.18,syn,397435.00,,EM,EU,
EM_mul_fp64_30%,Gen8,B0,68.37,syn,397435.00,,EM,EU,
EM_mul_fp64_40%,Gen8,B0,73.81,syn,397435.00,,EM,EU,
EM_mul_fp64_55%,Gen8,B0,79.51,syn,397435.00,,EM,EU,
EM_mul_int16_10%,Gen8,B0,38.51,syn,397435.00,,EM,EU,
EM_mul_int16_20%,Gen8,B0,42.09,syn,397435.00,,EM,EU,
EM_mul_int16_30%,Gen8,B0,47.70,syn,397435.00,,EM,EU,
EM_mul_int16_40%,Gen8,B0,52.95,syn,397435.00,,EM,EU,
EM_mul_int16_55%,Gen8,B0,57.23,syn,397435.00,,EM,EU,
EM_mul_int32_10%,Gen8,B0,62.35,syn,397435.00,,EM,EU,
EM_mul_int32_20%,Gen8,B0,66.16,syn,397435.00,,EM,EU,
EM_mul_int32_30%,Gen8,B0,70.99,syn,397435.00,,EM,EU,
EM_mul_int32_40%,Gen8,B0,80.63,syn,397435.00,,EM,EU,
EM_mul_int32_55%,Gen8,B0,83.04,syn,397435.00,,EM,EU,
EM_mul_int64_10%,Gen8,B0,62.35,syn,397435.00,,EM,EU,
EM_mul_int64_20%,Gen8,B0,66.16,syn,397435.00,,EM,EU,
EM_mul_int64_30%,Gen8,B0,70.99,syn,397435.00,,EM,EU,
EM_mul_int64_40%,Gen8,B0,80.63,syn,397435.00,,EM,EU,
EM_mul_int64_55%,Gen8,B0,83.04,syn,397435.00,,EM,EU,
EM_mul_intbypass_10%,Gen8,B0,10.90,syn,397435.00,,EM,EU,
EM_mul_intbypass_20%,Gen8,B0,11.56,syn,397435.00,,EM,EU,
EM_mul_intbypass_30%,Gen8,B0,12.41,syn,397435.00,,EM,EU,
EM_mul_intbypass_40%,Gen8,B0,14.09,syn,397435.00,,EM,EU,
EM_mul_intbypass_55%,Gen8,B0,14.52,syn,397435.00,,EM,EU,
EM_pln_floatbypass_10%,Gen8,B0,54.48,syn,397435.00,,EM,EU,
EM_pln_floatbypass_20%,Gen8,B0,58.81,syn,397435.00,,EM,EU,
EM_pln_floatbypass_30%,Gen8,B0,64.42,syn,397435.00,,EM,EU,
EM_pln_floatbypass_40%,Gen8,B0,66.30,syn,397435.00,,EM,EU,
EM_pln_floatbypass_55%,Gen8,B0,75.25,syn,397435.00,,EM,EU,
EM_pln_fp16_10%,Gen8,B0,0.00,syn,397435.00,,EM,EU,
EM_pln_fp16_20%,Gen8,B0,0.00,syn,397435.00,,EM,EU,
EM_pln_fp16_30%,Gen8,B0,0.00,syn,397435.00,,EM,EU,
EM_pln_fp16_40%,Gen8,B0,0.00,syn,397435.00,,EM,EU,
EM_pln_fp16_55%,Gen8,B0,0.00,syn,397435.00,,EM,EU,
EM_pln_fp32_10%,Gen8,B0,54.48,syn,397435.00,,EM,EU,
EM_pln_fp32_20%,Gen8,B0,58.81,syn,397435.00,,EM,EU,
EM_pln_fp32_30%,Gen8,B0,64.42,syn,397435.00,,EM,EU,
EM_pln_fp32_40%,Gen8,B0,66.30,syn,397435.00,,EM,EU,
EM_pln_fp32_55%,Gen8,B0,75.25,syn,397435.00,,EM,EU,
EM_pln_fp64_10%,Gen8,B0,0.00,syn,397435.00,,EM,EU,
EM_pln_fp64_20%,Gen8,B0,0.00,syn,397435.00,,EM,EU,
EM_pln_fp64_30%,Gen8,B0,0.00,syn,397435.00,,EM,EU,
EM_pln_fp64_40%,Gen8,B0,0.00,syn,397435.00,,EM,EU,
EM_pln_fp64_55%,Gen8,B0,0.00,syn,397435.00,,EM,EU,
EM_pln_int16_10%,Gen8,B0,0.00,syn,397435.00,,EM,EU,
EM_pln_int16_20%,Gen8,B0,0.00,syn,397435.00,,EM,EU,
EM_pln_int16_30%,Gen8,B0,0.00,syn,397435.00,,EM,EU,
EM_pln_int16_40%,Gen8,B0,0.00,syn,397435.00,,EM,EU,
EM_pln_int16_55%,Gen8,B0,0.00,syn,397435.00,,EM,EU,
EM_pln_int32_10%,Gen8,B0,0.00,syn,397435.00,,EM,EU,
EM_pln_int32_20%,Gen8,B0,0.00,syn,397435.00,,EM,EU,
EM_pln_int32_30%,Gen8,B0,0.00,syn,397435.00,,EM,EU,
EM_pln_int32_40%,Gen8,B0,0.00,syn,397435.00,,EM,EU,
EM_pln_int32_55%,Gen8,B0,0.00,syn,397435.00,,EM,EU,
EM_pln_int64_10%,Gen8,B0,0.00,syn,397435.00,,EM,EU,
EM_pln_int64_20%,Gen8,B0,0.00,syn,397435.00,,EM,EU,
EM_pln_int64_30%,Gen8,B0,0.00,syn,397435.00,,EM,EU,
EM_pln_int64_40%,Gen8,B0,0.00,syn,397435.00,,EM,EU,
EM_pln_int64_55%,Gen8,B0,0.00,syn,397435.00,,EM,EU,
EM_pln_intbypass_10%,Gen8,B0,0.00,syn,397435.00,,EM,EU,
EM_pln_intbypass_20%,Gen8,B0,0.00,syn,397435.00,,EM,EU,
EM_pln_intbypass_30%,Gen8,B0,0.00,syn,397435.00,,EM,EU,
EM_pln_intbypass_40%,Gen8,B0,0.00,syn,397435.00,,EM,EU,
EM_pln_intbypass_55%,Gen8,B0,0.00,syn,397435.00,,EM,EU,
EM_sad_floatbypass_10%,Gen8,B0,0.00,syn,397435.00,,EM,EU,
EM_sad_floatbypass_20%,Gen8,B0,0.00,syn,397435.00,,EM,EU,
EM_sad_floatbypass_30%,Gen8,B0,0.00,syn,397435.00,,EM,EU,
EM_sad_floatbypass_40%,Gen8,B0,0.00,syn,397435.00,,EM,EU,
EM_sad_floatbypass_55%,Gen8,B0,0.00,syn,397435.00,,EM,EU,
EM_sad_fp16_10%,Gen8,B0,0.00,syn,397435.00,,EM,EU,
EM_sad_fp16_20%,Gen8,B0,0.00,syn,397435.00,,EM,EU,
EM_sad_fp16_30%,Gen8,B0,0.00,syn,397435.00,,EM,EU,
EM_sad_fp16_40%,Gen8,B0,0.00,syn,397435.00,,EM,EU,
EM_sad_fp16_55%,Gen8,B0,0.00,syn,397435.00,,EM,EU,
EM_sad_fp32_10%,Gen8,B0,0.00,syn,397435.00,,EM,EU,
EM_sad_fp32_20%,Gen8,B0,0.00,syn,397435.00,,EM,EU,
EM_sad_fp32_30%,Gen8,B0,0.00,syn,397435.00,,EM,EU,
EM_sad_fp32_40%,Gen8,B0,0.00,syn,397435.00,,EM,EU,
EM_sad_fp32_55%,Gen8,B0,0.00,syn,397435.00,,EM,EU,
EM_sad_fp64_10%,Gen8,B0,0.00,syn,397435.00,,EM,EU,
EM_sad_fp64_20%,Gen8,B0,0.00,syn,397435.00,,EM,EU,
EM_sad_fp64_30%,Gen8,B0,0.00,syn,397435.00,,EM,EU,
EM_sad_fp64_40%,Gen8,B0,0.00,syn,397435.00,,EM,EU,
EM_sad_fp64_55%,Gen8,B0,0.00,syn,397435.00,,EM,EU,
EM_sad_int16_10%,Gen8,B0,0.00,syn,397435.00,,EM,EU,
EM_sad_int16_20%,Gen8,B0,0.00,syn,397435.00,,EM,EU,
EM_sad_int16_30%,Gen8,B0,0.00,syn,397435.00,,EM,EU,
EM_sad_int16_40%,Gen8,B0,0.00,syn,397435.00,,EM,EU,
EM_sad_int16_55%,Gen8,B0,0.00,syn,397435.00,,EM,EU,
EM_sad_int32_10%,Gen8,B0,0.00,syn,397435.00,,EM,EU,
EM_sad_int32_20%,Gen8,B0,0.00,syn,397435.00,,EM,EU,
EM_sad_int32_30%,Gen8,B0,0.00,syn,397435.00,,EM,EU,
EM_sad_int32_40%,Gen8,B0,0.00,syn,397435.00,,EM,EU,
EM_sad_int32_55%,Gen8,B0,0.00,syn,397435.00,,EM,EU,
EM_sad_int64_10%,Gen8,B0,0.00,syn,397435.00,,EM,EU,
EM_sad_int64_20%,Gen8,B0,0.00,syn,397435.00,,EM,EU,
EM_sad_int64_30%,Gen8,B0,0.00,syn,397435.00,,EM,EU,
EM_sad_int64_40%,Gen8,B0,0.00,syn,397435.00,,EM,EU,
EM_sad_int64_55%,Gen8,B0,0.00,syn,397435.00,,EM,EU,
EM_sad_intbypass_10%,Gen8,B0,0.00,syn,397435.00,,EM,EU,
EM_sad_intbypass_20%,Gen8,B0,0.00,syn,397435.00,,EM,EU,
EM_sad_intbypass_30%,Gen8,B0,0.00,syn,397435.00,,EM,EU,
EM_sad_intbypass_40%,Gen8,B0,0.00,syn,397435.00,,EM,EU,
EM_sad_intbypass_55%,Gen8,B0,0.00,syn,397435.00,,EM,EU,
EM_sel_bypass_10%,Gen8,B0,18.91,syn,397435.00,,EM,EU,
EM_sel_bypass_20%,Gen8,B0,23.64,syn,397435.00,,EM,EU,
EM_sel_bypass_30%,Gen8,B0,28.54,syn,397435.00,,EM,EU,
EM_sel_bypass_40%,Gen8,B0,32.64,syn,397435.00,,EM,EU,
EM_sel_bypass_55%,Gen8,B0,42.65,syn,397435.00,,EM,EU,
EM_sel_fp16_10%,Gen8,B0,26.45,syn,397435.00,,EM,EU,
EM_sel_fp16_20%,Gen8,B0,31.54,syn,397435.00,,EM,EU,
EM_sel_fp16_30%,Gen8,B0,32.90,syn,397435.00,,EM,EU,
EM_sel_fp16_40%,Gen8,B0,39.09,syn,397435.00,,EM,EU,
EM_sel_fp16_55%,Gen8,B0,39.07,syn,397435.00,,EM,EU,
EM_sel_fp32_10%,Gen8,B0,18.91,syn,397435.00,,EM,EU,
EM_sel_fp32_20%,Gen8,B0,23.64,syn,397435.00,,EM,EU,
EM_sel_fp32_30%,Gen8,B0,28.54,syn,397435.00,,EM,EU,
EM_sel_fp32_40%,Gen8,B0,32.64,syn,397435.00,,EM,EU,
EM_sel_fp32_55%,Gen8,B0,42.65,syn,397435.00,,EM,EU,
EM_sel_fp64_10%,Gen8,B0,30.10,syn,397435.00,,EM,EU,
EM_sel_fp64_20%,Gen8,B0,32.66,syn,397435.00,,EM,EU,
EM_sel_fp64_30%,Gen8,B0,37.49,syn,397435.00,,EM,EU,
EM_sel_fp64_40%,Gen8,B0,43.43,syn,397435.00,,EM,EU,
EM_sel_fp64_55%,Gen8,B0,45.80,syn,397435.00,,EM,EU,
EM_sel_int16_10%,Gen8,B0,15.91,syn,397435.00,,EM,EU,
EM_sel_int16_20%,Gen8,B0,24.35,syn,397435.00,,EM,EU,
EM_sel_int16_30%,Gen8,B0,26.55,syn,397435.00,,EM,EU,
EM_sel_int16_40%,Gen8,B0,31.32,syn,397435.00,,EM,EU,
EM_sel_int16_55%,Gen8,B0,36.84,syn,397435.00,,EM,EU,
EM_sel_int32_10%,Gen8,B0,20.34,syn,397435.00,,EM,EU,
EM_sel_int32_20%,Gen8,B0,20.80,syn,397435.00,,EM,EU,
EM_sel_int32_30%,Gen8,B0,24.50,syn,397435.00,,EM,EU,
EM_sel_int32_40%,Gen8,B0,30.28,syn,397435.00,,EM,EU,
EM_sel_int32_55%,Gen8,B0,43.56,syn,397435.00,,EM,EU,
EM_sel_int64_10%,Gen8,B0,20.45,syn,397435.00,,EM,EU,
EM_sel_int64_20%,Gen8,B0,23.52,syn,397435.00,,EM,EU,
EM_sel_int64_30%,Gen8,B0,26.77,syn,397435.00,,EM,EU,
EM_sel_int64_40%,Gen8,B0,34.89,syn,397435.00,,EM,EU,
EM_sel_int64_55%,Gen8,B0,41.41,syn,397435.00,,EM,EU,
EM_sel_intbypass_10%,Gen8,B0,20.34,syn,397435.00,,EM,EU,
EM_sel_intbypass_20%,Gen8,B0,20.80,syn,397435.00,,EM,EU,
EM_sel_intbypass_30%,Gen8,B0,24.50,syn,397435.00,,EM,EU,
EM_sel_intbypass_40%,Gen8,B0,30.28,syn,397435.00,,EM,EU,
EM_sel_intbypass_55%,Gen8,B0,43.56,syn,397435.00,,EM,EU,
EM_transc_bypass_10%,Gen8,B0,39.84,syn,397435.00,,EM,EU,
EM_transc_bypass_20%,Gen8,B0,43.21,syn,397435.00,,EM,EU,
EM_transc_bypass_30%,Gen8,B0,44.67,syn,397435.00,,EM,EU,
EM_transc_bypass_40%,Gen8,B0,46.66,syn,397435.00,,EM,EU,
EM_transc_bypass_55%,Gen8,B0,47.44,syn,397435.00,,EM,EU,
EM_transc_fp16_10%,Gen8,B0,28.88,syn,397435.00,,EM,EU,
EM_transc_fp16_20%,Gen8,B0,26.34,syn,397435.00,,EM,EU,
EM_transc_fp16_30%,Gen8,B0,27.65,syn,397435.00,,EM,EU,
EM_transc_fp16_40%,Gen8,B0,28.00,syn,397435.00,,EM,EU,
EM_transc_fp16_55%,Gen8,B0,26.69,syn,397435.00,,EM,EU,
EM_transc_fp32_10%,Gen8,B0,39.84,syn,397435.00,,EM,EU,
EM_transc_fp32_20%,Gen8,B0,43.21,syn,397435.00,,EM,EU,
EM_transc_fp32_30%,Gen8,B0,44.67,syn,397435.00,,EM,EU,
EM_transc_fp32_40%,Gen8,B0,46.66,syn,397435.00,,EM,EU,
EM_transc_fp32_55%,Gen8,B0,47.44,syn,397435.00,,EM,EU,
EM_transc_fp64_10%,Gen8,B0,39.84,syn,397435.00,,EM,EU,
EM_transc_fp64_20%,Gen8,B0,43.21,syn,397435.00,,EM,EU,
EM_transc_fp64_30%,Gen8,B0,44.67,syn,397435.00,,EM,EU,
EM_transc_fp64_40%,Gen8,B0,46.66,syn,397435.00,,EM,EU,
EM_transc_fp64_55%,Gen8,B0,47.44,syn,397435.00,,EM,EU,
EM_transc_int16_10%,Gen8,B0,0.00,syn,397435.00,,EM,EU,
EM_transc_int16_20%,Gen8,B0,0.00,syn,397435.00,,EM,EU,
EM_transc_int16_30%,Gen8,B0,0.00,syn,397435.00,,EM,EU,
EM_transc_int16_40%,Gen8,B0,0.00,syn,397435.00,,EM,EU,
EM_transc_int16_55%,Gen8,B0,0.00,syn,397435.00,,EM,EU,
EM_transc_int32_10%,Gen8,B0,0.00,syn,397435.00,,EM,EU,
EM_transc_int32_20%,Gen8,B0,0.00,syn,397435.00,,EM,EU,
EM_transc_int32_30%,Gen8,B0,0.00,syn,397435.00,,EM,EU,
EM_transc_int32_40%,Gen8,B0,0.00,syn,397435.00,,EM,EU,
EM_transc_int32_55%,Gen8,B0,0.00,syn,397435.00,,EM,EU,
EM_transc_int64_10%,Gen8,B0,0.00,syn,397435.00,,EM,EU,
EM_transc_int64_20%,Gen8,B0,0.00,syn,397435.00,,EM,EU,
EM_transc_int64_30%,Gen8,B0,0.00,syn,397435.00,,EM,EU,
EM_transc_int64_40%,Gen8,B0,0.00,syn,397435.00,,EM,EU,
EM_transc_int64_55%,Gen8,B0,0.00,syn,397435.00,,EM,EU,
EM_transc_intbypass_10%,Gen8,B0,0.00,syn,397435.00,,EM,EU,
EM_transc_intbypass_20%,Gen8,B0,0.00,syn,397435.00,,EM,EU,
EM_transc_intbypass_30%,Gen8,B0,0.00,syn,397435.00,,EM,EU,
EM_transc_intbypass_40%,Gen8,B0,0.00,syn,397435.00,,EM,EU,
EM_transc_intbypass_55%,Gen8,B0,0.00,syn,397435.00,,EM,EU,
FPU_add_floatbypass_10%,Gen8,B0,22.44,syn,397435.00,0,FPU,EU,
FPU_add_floatbypass_20%,Gen8,B0,25.64,syn,397435.00,0,FPU,EU,
FPU_add_floatbypass_30%,Gen8,B0,26.86,syn,397435.00,0,FPU,EU,
FPU_add_floatbypass_40%,Gen8,B0,28.27,syn,397435.00,0,FPU,EU,
FPU_add_floatbypass_55%,Gen8,B0,28.51,syn,397435.00,0,FPU,EU,
FPU_add_fp16_10%,Gen8,B0,43.38,syn,397435.00,0,FPU,EU,
FPU_add_fp16_20%,Gen8,B0,40.86,syn,397435.00,0,FPU,EU,
FPU_add_fp16_30%,Gen8,B0,45.69,syn,397435.00,0,FPU,EU,
FPU_add_fp16_40%,Gen8,B0,50.44,syn,397435.00,0,FPU,EU,
FPU_add_fp16_55%,Gen8,B0,49.77,syn,397435.00,0,FPU,EU,
FPU_add_fp32_10%,Gen8,B0,42.27,syn,397435.00,0,FPU,EU,
FPU_add_fp32_20%,Gen8,B0,48.29,syn,397435.00,0,FPU,EU,
FPU_add_fp32_30%,Gen8,B0,50.58,syn,397435.00,0,FPU,EU,
FPU_add_fp32_40%,Gen8,B0,53.24,syn,397435.00,0,FPU,EU,
FPU_add_fp32_55%,Gen8,B0,53.69,syn,397435.00,0,FPU,EU,
FPU_add_fp64_10%,Gen8,B0,32.33,syn,397435.00,0,FPU,EU,
FPU_add_fp64_20%,Gen8,B0,35.28,syn,397435.00,0,FPU,EU,
FPU_add_fp64_30%,Gen8,B0,39.89,syn,397435.00,0,FPU,EU,
FPU_add_fp64_40%,Gen8,B0,42.22,syn,397435.00,0,FPU,EU,
FPU_add_fp64_55%,Gen8,B0,45.15,syn,397435.00,0,FPU,EU,
FPU_add_int16_10%,Gen8,B0,23.42,syn,397435.00,0,FPU,EU,
FPU_add_int16_20%,Gen8,B0,29.28,syn,397435.00,0,FPU,EU,
FPU_add_int16_30%,Gen8,B0,32.37,syn,397435.00,0,FPU,EU,
FPU_add_int16_40%,Gen8,B0,36.39,syn,397435.00,0,FPU,EU,
FPU_add_int16_55%,Gen8,B0,45.71,syn,397435.00,0,FPU,EU,
FPU_add_int32_10%,Gen8,B0,23.69,syn,397435.00,0,FPU,EU,
FPU_add_int32_20%,Gen8,B0,29.65,syn,397435.00,0,FPU,EU,
FPU_add_int32_30%,Gen8,B0,33.69,syn,397435.00,0,FPU,EU,
FPU_add_int32_40%,Gen8,B0,38.69,syn,397435.00,0,FPU,EU,
FPU_add_int32_55%,Gen8,B0,49.71,syn,397435.00,0,FPU,EU,
FPU_add_int64_10%,Gen8,B0,23.68,syn,397435.00,0,FPU,EU,
FPU_add_int64_20%,Gen8,B0,26.43,syn,397435.00,0,FPU,EU,
FPU_add_int64_30%,Gen8,B0,30.25,syn,397435.00,0,FPU,EU,
FPU_add_int64_40%,Gen8,B0,33.76,syn,397435.00,0,FPU,EU,
FPU_add_int64_55%,Gen8,B0,38.45,syn,397435.00,0,FPU,EU,
FPU_add_intbypass_10%,Gen8,B0,12.58,syn,397435.00,0,FPU,EU,
FPU_add_intbypass_20%,Gen8,B0,15.74,syn,397435.00,0,FPU,EU,
FPU_add_intbypass_30%,Gen8,B0,17.89,syn,397435.00,0,FPU,EU,
FPU_add_intbypass_40%,Gen8,B0,20.54,syn,397435.00,0,FPU,EU,
FPU_add_intbypass_55%,Gen8,B0,26.40,syn,397435.00,0,FPU,EU,
FPU_cmp_floatbypass_10%,Gen8,B0,11.83,syn,397435.00,0,FPU,EU,
FPU_cmp_floatbypass_20%,Gen8,B0,17.84,syn,397435.00,0,FPU,EU,
FPU_cmp_floatbypass_30%,Gen8,B0,20.37,syn,397435.00,0,FPU,EU,
FPU_cmp_floatbypass_40%,Gen8,B0,23.13,syn,397435.00,0,FPU,EU,
FPU_cmp_floatbypass_55%,Gen8,B0,27.78,syn,397435.00,0,FPU,EU,
FPU_cmp_fp16_10%,Gen8,B0,27.11,syn,397435.00,0,FPU,EU,
FPU_cmp_fp16_20%,Gen8,B0,28.81,syn,397435.00,0,FPU,EU,
FPU_cmp_fp16_30%,Gen8,B0,33.28,syn,397435.00,0,FPU,EU,
FPU_cmp_fp16_40%,Gen8,B0,26.57,syn,397435.00,0,FPU,EU,
FPU_cmp_fp16_55%,Gen8,B0,35.57,syn,397435.00,0,FPU,EU,
FPU_cmp_fp32_10%,Gen8,B0,16.70,syn,397435.00,0,FPU,EU,
FPU_cmp_fp32_20%,Gen8,B0,25.19,syn,397435.00,0,FPU,EU,
FPU_cmp_fp32_30%,Gen8,B0,28.77,syn,397435.00,0,FPU,EU,
FPU_cmp_fp32_40%,Gen8,B0,32.67,syn,397435.00,0,FPU,EU,
FPU_cmp_fp32_55%,Gen8,B0,39.23,syn,397435.00,0,FPU,EU,
FPU_cmp_fp64_10%,Gen8,B0,29.62,syn,397435.00,0,FPU,EU,
FPU_cmp_fp64_20%,Gen8,B0,30.71,syn,397435.00,0,FPU,EU,
FPU_cmp_fp64_30%,Gen8,B0,40.50,syn,397435.00,0,FPU,EU,
FPU_cmp_fp64_40%,Gen8,B0,40.17,syn,397435.00,0,FPU,EU,
FPU_cmp_fp64_55%,Gen8,B0,40.20,syn,397435.00,0,FPU,EU,
FPU_cmp_int16_10%,Gen8,B0,22.22,syn,397435.00,0,FPU,EU,
FPU_cmp_int16_20%,Gen8,B0,28.17,syn,397435.00,0,FPU,EU,
FPU_cmp_int16_30%,Gen8,B0,30.62,syn,397435.00,0,FPU,EU,
FPU_cmp_int16_40%,Gen8,B0,35.23,syn,397435.00,0,FPU,EU,
FPU_cmp_int16_55%,Gen8,B0,44.85,syn,397435.00,0,FPU,EU,
FPU_cmp_int32_10%,Gen8,B0,16.91,syn,397435.00,0,FPU,EU,
FPU_cmp_int32_20%,Gen8,B0,24.57,syn,397435.00,0,FPU,EU,
FPU_cmp_int32_30%,Gen8,B0,27.38,syn,397435.00,0,FPU,EU,
FPU_cmp_int32_40%,Gen8,B0,41.24,syn,397435.00,0,FPU,EU,
FPU_cmp_int32_55%,Gen8,B0,51.63,syn,397435.00,0,FPU,EU,
FPU_cmp_int64_10%,Gen8,B0,21.04,syn,397435.00,0,FPU,EU,
FPU_cmp_int64_20%,Gen8,B0,23.69,syn,397435.00,0,FPU,EU,
FPU_cmp_int64_30%,Gen8,B0,26.46,syn,397435.00,0,FPU,EU,
FPU_cmp_int64_40%,Gen8,B0,30.84,syn,397435.00,0,FPU,EU,
FPU_cmp_int64_55%,Gen8,B0,35.26,syn,397435.00,0,FPU,EU,
FPU_cmp_intbypass_10%,Gen8,B0,8.98,syn,397435.00,0,FPU,EU,
FPU_cmp_intbypass_20%,Gen8,B0,13.05,syn,397435.00,0,FPU,EU,
FPU_cmp_intbypass_30%,Gen8,B0,14.54,syn,397435.00,0,FPU,EU,
FPU_cmp_intbypass_40%,Gen8,B0,21.90,syn,397435.00,0,FPU,EU,
FPU_cmp_intbypass_55%,Gen8,B0,27.41,syn,397435.00,0,FPU,EU,
FPU_mac_floatbypass_10%,Gen8,B0,0.00,syn,397435.00,,FPU,EU,
FPU_mac_floatbypass_20%,Gen8,B0,0.00,syn,397435.00,,FPU,EU,
FPU_mac_floatbypass_30%,Gen8,B0,0.00,syn,397435.00,,FPU,EU,
FPU_mac_floatbypass_40%,Gen8,B0,0.00,syn,397435.00,,FPU,EU,
FPU_mac_floatbypass_55%,Gen8,B0,0.00,syn,397435.00,,FPU,EU,
FPU_mac_fp16_10%,Gen8,B0,31.43,syn,397435.00,,FPU,EU,
FPU_mac_fp16_20%,Gen8,B0,37.06,syn,397435.00,,FPU,EU,
FPU_mac_fp16_30%,Gen8,B0,39.84,syn,397435.00,,FPU,EU,
FPU_mac_fp16_40%,Gen8,B0,40.98,syn,397435.00,,FPU,EU,
FPU_mac_fp16_55%,Gen8,B0,40.54,syn,397435.00,,FPU,EU,
FPU_mac_fp32_10%,Gen8,B0,52.22,syn,397435.00,,FPU,EU,
FPU_mac_fp32_20%,Gen8,B0,55.98,syn,397435.00,,FPU,EU,
FPU_mac_fp32_30%,Gen8,B0,50.11,syn,397435.00,,FPU,EU,
FPU_mac_fp32_40%,Gen8,B0,53.12,syn,397435.00,,FPU,EU,
FPU_mac_fp32_55%,Gen8,B0,54.69,syn,397435.00,,FPU,EU,
FPU_mac_fp64_10%,Gen8,B0,34.06,syn,397435.00,,FPU,EU,
FPU_mac_fp64_20%,Gen8,B0,35.73,syn,397435.00,,FPU,EU,
FPU_mac_fp64_30%,Gen8,B0,35.15,syn,397435.00,,FPU,EU,
FPU_mac_fp64_40%,Gen8,B0,35.94,syn,397435.00,,FPU,EU,
FPU_mac_fp64_55%,Gen8,B0,38.00,syn,397435.00,,FPU,EU,
FPU_mac_int16_10%,Gen8,B0,56.39,syn,397435.00,,FPU,EU,
FPU_mac_int16_20%,Gen8,B0,60.60,syn,397435.00,,FPU,EU,
FPU_mac_int16_30%,Gen8,B0,62.71,syn,397435.00,,FPU,EU,
FPU_mac_int16_40%,Gen8,B0,65.81,syn,397435.00,,FPU,EU,
FPU_mac_int16_55%,Gen8,B0,71.00,syn,397435.00,,FPU,EU,
FPU_mac_int32_10%,Gen8,B0,56.39,syn,397435.00,,FPU,EU,
FPU_mac_int32_20%,Gen8,B0,60.60,syn,397435.00,,FPU,EU,
FPU_mac_int32_30%,Gen8,B0,62.71,syn,397435.00,,FPU,EU,
FPU_mac_int32_40%,Gen8,B0,65.81,syn,397435.00,,FPU,EU,
FPU_mac_int32_55%,Gen8,B0,71.00,syn,397435.00,,FPU,EU,
FPU_mac_int64_10%,Gen8,B0,56.39,syn,397435.00,,FPU,EU,
FPU_mac_int64_20%,Gen8,B0,60.60,syn,397435.00,,FPU,EU,
FPU_mac_int64_30%,Gen8,B0,62.71,syn,397435.00,,FPU,EU,
FPU_mac_int64_40%,Gen8,B0,65.81,syn,397435.00,,FPU,EU,
FPU_mac_int64_55%,Gen8,B0,71.00,syn,397435.00,,FPU,EU,
FPU_mac_intbypass_10%,Gen8,B0,56.39,syn,397435.00,,FPU,EU,
FPU_mac_intbypass_20%,Gen8,B0,60.60,syn,397435.00,,FPU,EU,
FPU_mac_intbypass_30%,Gen8,B0,62.71,syn,397435.00,,FPU,EU,
FPU_mac_intbypass_40%,Gen8,B0,65.81,syn,397435.00,,FPU,EU,
FPU_mac_intbypass_55%,Gen8,B0,71.00,syn,397435.00,,FPU,EU,
FPU_mad_floatbypass_10%,Gen8,B0,25.49,syn,397435.00,,FPU,EU,
FPU_mad_floatbypass_20%,Gen8,B0,28.94,syn,397435.00,,FPU,EU,
FPU_mad_floatbypass_30%,Gen8,B0,31.12,syn,397435.00,,FPU,EU,
FPU_mad_floatbypass_40%,Gen8,B0,37.10,syn,397435.00,,FPU,EU,
FPU_mad_floatbypass_55%,Gen8,B0,37.81,syn,397435.00,,FPU,EU,
FPU_mad_fp16_10%,Gen8,B0,49.68,syn,397435.00,,FPU,EU,
FPU_mad_fp16_20%,Gen8,B0,55.08,syn,397435.00,,FPU,EU,
FPU_mad_fp16_30%,Gen8,B0,59.72,syn,397435.00,,FPU,EU,
FPU_mad_fp16_40%,Gen8,B0,63.29,syn,397435.00,,FPU,EU,
FPU_mad_fp16_55%,Gen8,B0,70.24,syn,397435.00,,FPU,EU,
FPU_mad_fp32_10%,Gen8,B0,69.52,syn,397435.00,,FPU,EU,
FPU_mad_fp32_20%,Gen8,B0,78.94,syn,397435.00,,FPU,EU,
FPU_mad_fp32_30%,Gen8,B0,84.88,syn,397435.00,,FPU,EU,
FPU_mad_fp32_40%,Gen8,B0,101.19,syn,397435.00,,FPU,EU,
FPU_mad_fp32_55%,Gen8,B0,103.13,syn,397435.00,,FPU,EU,
FPU_mad_fp64_10%,Gen8,B0,62.07,syn,397435.00,,FPU,EU,
FPU_mad_fp64_20%,Gen8,B0,71.23,syn,397435.00,,FPU,EU,
FPU_mad_fp64_30%,Gen8,B0,75.24,syn,397435.00,,FPU,EU,
FPU_mad_fp64_40%,Gen8,B0,81.96,syn,397435.00,,FPU,EU,
FPU_mad_fp64_55%,Gen8,B0,90.25,syn,397435.00,,FPU,EU,
FPU_mad_int16_10%,Gen8,B0,0.00,syn,397435.00,,FPU,EU,
FPU_mad_int16_20%,Gen8,B0,0.00,syn,397435.00,,FPU,EU,
FPU_mad_int16_30%,Gen8,B0,0.00,syn,397435.00,,FPU,EU,
FPU_mad_int16_40%,Gen8,B0,0.00,syn,397435.00,,FPU,EU,
FPU_mad_int16_55%,Gen8,B0,0.00,syn,397435.00,,FPU,EU,
FPU_mad_int32_10%,Gen8,B0,0.00,syn,397435.00,,FPU,EU,
FPU_mad_int32_20%,Gen8,B0,0.00,syn,397435.00,,FPU,EU,
FPU_mad_int32_30%,Gen8,B0,0.00,syn,397435.00,,FPU,EU,
FPU_mad_int32_40%,Gen8,B0,0.00,syn,397435.00,,FPU,EU,
FPU_mad_int32_55%,Gen8,B0,0.00,syn,397435.00,,FPU,EU,
FPU_mad_int64_10%,Gen8,B0,0.00,syn,397435.00,,FPU,EU,
FPU_mad_int64_20%,Gen8,B0,0.00,syn,397435.00,,FPU,EU,
FPU_mad_int64_30%,Gen8,B0,0.00,syn,397435.00,,FPU,EU,
FPU_mad_int64_40%,Gen8,B0,0.00,syn,397435.00,,FPU,EU,
FPU_mad_int64_55%,Gen8,B0,0.00,syn,397435.00,,FPU,EU,
FPU_mad_intbypass_10%,Gen8,B0,0.00,syn,397435.00,,FPU,EU,
FPU_mad_intbypass_20%,Gen8,B0,0.00,syn,397435.00,,FPU,EU,
FPU_mad_intbypass_30%,Gen8,B0,0.00,syn,397435.00,,FPU,EU,
FPU_mad_intbypass_40%,Gen8,B0,0.00,syn,397435.00,,FPU,EU,
FPU_mad_intbypass_55%,Gen8,B0,0.00,syn,397435.00,,FPU,EU,
FPU_mov_bypass_10%,Gen8,B0,11.79,syn,397435.00,,FPU,EU,
FPU_mov_bypass_20%,Gen8,B0,13.14,syn,397435.00,,FPU,EU,
FPU_mov_bypass_30%,Gen8,B0,15.37,syn,397435.00,,FPU,EU,
FPU_mov_bypass_40%,Gen8,B0,17.24,syn,397435.00,,FPU,EU,
FPU_mov_bypass_55%,Gen8,B0,19.22,syn,397435.00,,FPU,EU,
FPU_mov_fp16_10%,Gen8,B0,14.03,syn,397435.00,,FPU,EU,
FPU_mov_fp16_20%,Gen8,B0,16.05,syn,397435.00,,FPU,EU,
FPU_mov_fp16_30%,Gen8,B0,16.02,syn,397435.00,,FPU,EU,
FPU_mov_fp16_40%,Gen8,B0,18.64,syn,397435.00,,FPU,EU,
FPU_mov_fp16_55%,Gen8,B0,19.88,syn,397435.00,,FPU,EU,
FPU_mov_fp32_10%,Gen8,B0,11.79,syn,397435.00,,FPU,EU,
FPU_mov_fp32_20%,Gen8,B0,13.14,syn,397435.00,,FPU,EU,
FPU_mov_fp32_30%,Gen8,B0,15.37,syn,397435.00,,FPU,EU,
FPU_mov_fp32_40%,Gen8,B0,17.24,syn,397435.00,,FPU,EU,
FPU_mov_fp32_55%,Gen8,B0,19.22,syn,397435.00,,FPU,EU,
FPU_mov_fp64_10%,Gen8,B0,18.93,syn,397435.00,,FPU,EU,
FPU_mov_fp64_20%,Gen8,B0,20.68,syn,397435.00,,FPU,EU,
FPU_mov_fp64_30%,Gen8,B0,21.98,syn,397435.00,,FPU,EU,
FPU_mov_fp64_40%,Gen8,B0,25.06,syn,397435.00,,FPU,EU,
FPU_mov_fp64_55%,Gen8,B0,28.61,syn,397435.00,,FPU,EU,
FPU_mov_int16_10%,Gen8,B0,12.14,syn,397435.00,,FPU,EU,
FPU_mov_int16_20%,Gen8,B0,15.03,syn,397435.00,,FPU,EU,
FPU_mov_int16_30%,Gen8,B0,16.01,syn,397435.00,,FPU,EU,
FPU_mov_int16_40%,Gen8,B0,18.18,syn,397435.00,,FPU,EU,
FPU_mov_int16_55%,Gen8,B0,22.27,syn,397435.00,,FPU,EU,
FPU_mov_int32_10%,Gen8,B0,12.77,syn,397435.00,,FPU,EU,
FPU_mov_int32_20%,Gen8,B0,14.18,syn,397435.00,,FPU,EU,
FPU_mov_int32_30%,Gen8,B0,14.62,syn,397435.00,,FPU,EU,
FPU_mov_int32_40%,Gen8,B0,17.69,syn,397435.00,,FPU,EU,
FPU_mov_int32_55%,Gen8,B0,21.67,syn,397435.00,,FPU,EU,
FPU_mov_int64_10%,Gen8,B0,18.96,syn,397435.00,,FPU,EU,
FPU_mov_int64_20%,Gen8,B0,20.75,syn,397435.00,,FPU,EU,
FPU_mov_int64_30%,Gen8,B0,22.04,syn,397435.00,,FPU,EU,
FPU_mov_int64_40%,Gen8,B0,25.55,syn,397435.00,,FPU,EU,
FPU_mov_int64_55%,Gen8,B0,29.20,syn,397435.00,,FPU,EU,
FPU_mov_intbypass_10%,Gen8,B0,18.96,syn,397435.00,,FPU,EU,
FPU_mov_intbypass_20%,Gen8,B0,20.75,syn,397435.00,,FPU,EU,
FPU_mov_intbypass_30%,Gen8,B0,22.04,syn,397435.00,,FPU,EU,
FPU_mov_intbypass_40%,Gen8,B0,25.55,syn,397435.00,,FPU,EU,
FPU_mov_intbypass_55%,Gen8,B0,29.20,syn,397435.00,,FPU,EU,
FPU_mul_floatbypass_10%,Gen8,B0,11.01,syn,397435.00,,FPU,EU,
FPU_mul_floatbypass_20%,Gen8,B0,12.51,syn,397435.00,,FPU,EU,
FPU_mul_floatbypass_30%,Gen8,B0,13.98,syn,397435.00,,FPU,EU,
FPU_mul_floatbypass_40%,Gen8,B0,15.37,syn,397435.00,,FPU,EU,
FPU_mul_floatbypass_55%,Gen8,B0,16.99,syn,397435.00,,FPU,EU,
FPU_mul_fp16_10%,Gen8,B0,35.73,syn,397435.00,,FPU,EU,
FPU_mul_fp16_20%,Gen8,B0,44.01,syn,397435.00,,FPU,EU,
FPU_mul_fp16_30%,Gen8,B0,44.91,syn,397435.00,,FPU,EU,
FPU_mul_fp16_40%,Gen8,B0,49.08,syn,397435.00,,FPU,EU,
FPU_mul_fp16_55%,Gen8,B0,52.03,syn,397435.00,,FPU,EU,
FPU_mul_fp32_10%,Gen8,B0,51.32,syn,397435.00,,FPU,EU,
FPU_mul_fp32_20%,Gen8,B0,58.28,syn,397435.00,,FPU,EU,
FPU_mul_fp32_30%,Gen8,B0,65.15,syn,397435.00,,FPU,EU,
FPU_mul_fp32_40%,Gen8,B0,71.60,syn,397435.00,,FPU,EU,
FPU_mul_fp32_55%,Gen8,B0,79.15,syn,397435.00,,FPU,EU,
FPU_mul_fp64_10%,Gen8,B0,61.44,syn,397435.00,,FPU,EU,
FPU_mul_fp64_20%,Gen8,B0,67.67,syn,397435.00,,FPU,EU,
FPU_mul_fp64_30%,Gen8,B0,79.93,syn,397435.00,,FPU,EU,
FPU_mul_fp64_40%,Gen8,B0,78.67,syn,397435.00,,FPU,EU,
FPU_mul_fp64_55%,Gen8,B0,84.56,syn,397435.00,,FPU,EU,
FPU_mul_int16_10%,Gen8,B0,43.40,syn,397435.00,,FPU,EU,
FPU_mul_int16_20%,Gen8,B0,52.81,syn,397435.00,,FPU,EU,
FPU_mul_int16_30%,Gen8,B0,55.67,syn,397435.00,,FPU,EU,
FPU_mul_int16_40%,Gen8,B0,62.01,syn,397435.00,,FPU,EU,
FPU_mul_int16_55%,Gen8,B0,72.13,syn,397435.00,,FPU,EU,
FPU_mul_int32_10%,Gen8,B0,67.02,syn,397435.00,,FPU,EU,
FPU_mul_int32_20%,Gen8,B0,75.85,syn,397435.00,,FPU,EU,
FPU_mul_int32_30%,Gen8,B0,81.43,syn,397435.00,,FPU,EU,
FPU_mul_int32_40%,Gen8,B0,88.63,syn,397435.00,,FPU,EU,
FPU_mul_int32_55%,Gen8,B0,95.29,syn,397435.00,,FPU,EU,
FPU_mul_int64_10%,Gen8,B0,67.02,syn,397435.00,,FPU,EU,
FPU_mul_int64_20%,Gen8,B0,75.85,syn,397435.00,,FPU,EU,
FPU_mul_int64_30%,Gen8,B0,81.43,syn,397435.00,,FPU,EU,
FPU_mul_int64_40%,Gen8,B0,88.63,syn,397435.00,,FPU,EU,
FPU_mul_int64_55%,Gen8,B0,95.29,syn,397435.00,,FPU,EU,
FPU_mul_intbypass_10%,Gen8,B0,14.38,syn,397435.00,,FPU,EU,
FPU_mul_intbypass_20%,Gen8,B0,16.28,syn,397435.00,,FPU,EU,
FPU_mul_intbypass_30%,Gen8,B0,17.48,syn,397435.00,,FPU,EU,
FPU_mul_intbypass_40%,Gen8,B0,19.02,syn,397435.00,,FPU,EU,
FPU_mul_intbypass_55%,Gen8,B0,20.45,syn,397435.00,,FPU,EU,
FPU_pln_floatbypass_10%,Gen8,B0,54.57,syn,397435.00,,FPU,EU,
FPU_pln_floatbypass_20%,Gen8,B0,62.66,syn,397435.00,,FPU,EU,
FPU_pln_floatbypass_30%,Gen8,B0,65.47,syn,397435.00,,FPU,EU,
FPU_pln_floatbypass_40%,Gen8,B0,71.27,syn,397435.00,,FPU,EU,
FPU_pln_floatbypass_55%,Gen8,B0,77.06,syn,397435.00,,FPU,EU,
FPU_pln_fp16_10%,Gen8,B0,0.00,syn,397435.00,,FPU,EU,
FPU_pln_fp16_20%,Gen8,B0,0.00,syn,397435.00,,FPU,EU,
FPU_pln_fp16_30%,Gen8,B0,0.00,syn,397435.00,,FPU,EU,
FPU_pln_fp16_40%,Gen8,B0,0.00,syn,397435.00,,FPU,EU,
FPU_pln_fp16_55%,Gen8,B0,0.00,syn,397435.00,,FPU,EU,
FPU_pln_fp32_10%,Gen8,B0,54.57,syn,397435.00,,FPU,EU,
FPU_pln_fp32_20%,Gen8,B0,62.66,syn,397435.00,,FPU,EU,
FPU_pln_fp32_30%,Gen8,B0,65.47,syn,397435.00,,FPU,EU,
FPU_pln_fp32_40%,Gen8,B0,71.27,syn,397435.00,,FPU,EU,
FPU_pln_fp32_55%,Gen8,B0,77.06,syn,397435.00,,FPU,EU,
FPU_pln_fp64_10%,Gen8,B0,0.00,syn,397435.00,,FPU,EU,
FPU_pln_fp64_20%,Gen8,B0,0.00,syn,397435.00,,FPU,EU,
FPU_pln_fp64_30%,Gen8,B0,0.00,syn,397435.00,,FPU,EU,
FPU_pln_fp64_40%,Gen8,B0,0.00,syn,397435.00,,FPU,EU,
FPU_pln_fp64_55%,Gen8,B0,0.00,syn,397435.00,,FPU,EU,
FPU_pln_int16_10%,Gen8,B0,0.00,syn,397435.00,,FPU,EU,
FPU_pln_int16_20%,Gen8,B0,0.00,syn,397435.00,,FPU,EU,
FPU_pln_int16_30%,Gen8,B0,0.00,syn,397435.00,,FPU,EU,
FPU_pln_int16_40%,Gen8,B0,0.00,syn,397435.00,,FPU,EU,
FPU_pln_int16_55%,Gen8,B0,0.00,syn,397435.00,,FPU,EU,
FPU_pln_int32_10%,Gen8,B0,0.00,syn,397435.00,,FPU,EU,
FPU_pln_int32_20%,Gen8,B0,0.00,syn,397435.00,,FPU,EU,
FPU_pln_int32_30%,Gen8,B0,0.00,syn,397435.00,,FPU,EU,
FPU_pln_int32_40%,Gen8,B0,0.00,syn,397435.00,,FPU,EU,
FPU_pln_int32_55%,Gen8,B0,0.00,syn,397435.00,,FPU,EU,
FPU_pln_int64_10%,Gen8,B0,0.00,syn,397435.00,,FPU,EU,
FPU_pln_int64_20%,Gen8,B0,0.00,syn,397435.00,,FPU,EU,
FPU_pln_int64_30%,Gen8,B0,0.00,syn,397435.00,,FPU,EU,
FPU_pln_int64_40%,Gen8,B0,0.00,syn,397435.00,,FPU,EU,
FPU_pln_int64_55%,Gen8,B0,0.00,syn,397435.00,,FPU,EU,
FPU_pln_intbypass_10%,Gen8,B0,0.00,syn,397435.00,,FPU,EU,
FPU_pln_intbypass_20%,Gen8,B0,0.00,syn,397435.00,,FPU,EU,
FPU_pln_intbypass_30%,Gen8,B0,0.00,syn,397435.00,,FPU,EU,
FPU_pln_intbypass_40%,Gen8,B0,0.00,syn,397435.00,,FPU,EU,
FPU_pln_intbypass_55%,Gen8,B0,0.00,syn,397435.00,,FPU,EU,
FPU_sad_floatbypass_10%,Gen8,B0,0.00,syn,397435.00,,FPU,EU,
FPU_sad_floatbypass_20%,Gen8,B0,0.00,syn,397435.00,,FPU,EU,
FPU_sad_floatbypass_30%,Gen8,B0,0.00,syn,397435.00,,FPU,EU,
FPU_sad_floatbypass_40%,Gen8,B0,0.00,syn,397435.00,,FPU,EU,
FPU_sad_floatbypass_55%,Gen8,B0,0.00,syn,397435.00,,FPU,EU,
FPU_sad_fp16_10%,Gen8,B0,0.00,syn,397435.00,,FPU,EU,
FPU_sad_fp16_20%,Gen8,B0,0.00,syn,397435.00,,FPU,EU,
FPU_sad_fp16_30%,Gen8,B0,0.00,syn,397435.00,,FPU,EU,
FPU_sad_fp16_40%,Gen8,B0,0.00,syn,397435.00,,FPU,EU,
FPU_sad_fp16_55%,Gen8,B0,0.00,syn,397435.00,,FPU,EU,
FPU_sad_fp32_10%,Gen8,B0,0.00,syn,397435.00,,FPU,EU,
FPU_sad_fp32_20%,Gen8,B0,0.00,syn,397435.00,,FPU,EU,
FPU_sad_fp32_30%,Gen8,B0,0.00,syn,397435.00,,FPU,EU,
FPU_sad_fp32_40%,Gen8,B0,0.00,syn,397435.00,,FPU,EU,
FPU_sad_fp32_55%,Gen8,B0,0.00,syn,397435.00,,FPU,EU,
FPU_sad_fp64_10%,Gen8,B0,0.00,syn,397435.00,,FPU,EU,
FPU_sad_fp64_20%,Gen8,B0,0.00,syn,397435.00,,FPU,EU,
FPU_sad_fp64_30%,Gen8,B0,0.00,syn,397435.00,,FPU,EU,
FPU_sad_fp64_40%,Gen8,B0,0.00,syn,397435.00,,FPU,EU,
FPU_sad_fp64_55%,Gen8,B0,0.00,syn,397435.00,,FPU,EU,
FPU_sad_int16_10%,Gen8,B0,0.00,syn,397435.00,,FPU,EU,
FPU_sad_int16_20%,Gen8,B0,0.00,syn,397435.00,,FPU,EU,
FPU_sad_int16_30%,Gen8,B0,0.00,syn,397435.00,,FPU,EU,
FPU_sad_int16_40%,Gen8,B0,0.00,syn,397435.00,,FPU,EU,
FPU_sad_int16_55%,Gen8,B0,0.00,syn,397435.00,,FPU,EU,
FPU_sad_int32_10%,Gen8,B0,0.00,syn,397435.00,,FPU,EU,
FPU_sad_int32_20%,Gen8,B0,0.00,syn,397435.00,,FPU,EU,
FPU_sad_int32_30%,Gen8,B0,0.00,syn,397435.00,,FPU,EU,
FPU_sad_int32_40%,Gen8,B0,0.00,syn,397435.00,,FPU,EU,
FPU_sad_int32_55%,Gen8,B0,0.00,syn,397435.00,,FPU,EU,
FPU_sad_int64_10%,Gen8,B0,0.00,syn,397435.00,,FPU,EU,
FPU_sad_int64_20%,Gen8,B0,0.00,syn,397435.00,,FPU,EU,
FPU_sad_int64_30%,Gen8,B0,0.00,syn,397435.00,,FPU,EU,
FPU_sad_int64_40%,Gen8,B0,0.00,syn,397435.00,,FPU,EU,
FPU_sad_int64_55%,Gen8,B0,0.00,syn,397435.00,,FPU,EU,
FPU_sad_intbypass_10%,Gen8,B0,0.00,syn,397435.00,,FPU,EU,
FPU_sad_intbypass_20%,Gen8,B0,0.00,syn,397435.00,,FPU,EU,
FPU_sad_intbypass_30%,Gen8,B0,0.00,syn,397435.00,,FPU,EU,
FPU_sad_intbypass_40%,Gen8,B0,0.00,syn,397435.00,,FPU,EU,
FPU_sad_intbypass_55%,Gen8,B0,0.00,syn,397435.00,,FPU,EU,
FPU_sel_bypass_10%,Gen8,B0,22.28,syn,397435.00,,FPU,EU,
FPU_sel_bypass_20%,Gen8,B0,28.22,syn,397435.00,,FPU,EU,
FPU_sel_bypass_30%,Gen8,B0,34.24,syn,397435.00,,FPU,EU,
FPU_sel_bypass_40%,Gen8,B0,39.30,syn,397435.00,,FPU,EU,
FPU_sel_bypass_55%,Gen8,B0,46.18,syn,397435.00,,FPU,EU,
FPU_sel_fp16_10%,Gen8,B0,25.91,syn,397435.00,,FPU,EU,
FPU_sel_fp16_20%,Gen8,B0,35.05,syn,397435.00,,FPU,EU,
FPU_sel_fp16_30%,Gen8,B0,36.83,syn,397435.00,,FPU,EU,
FPU_sel_fp16_40%,Gen8,B0,40.25,syn,397435.00,,FPU,EU,
FPU_sel_fp16_55%,Gen8,B0,45.30,syn,397435.00,,FPU,EU,
FPU_sel_fp32_10%,Gen8,B0,22.28,syn,397435.00,,FPU,EU,
FPU_sel_fp32_20%,Gen8,B0,28.22,syn,397435.00,,FPU,EU,
FPU_sel_fp32_30%,Gen8,B0,34.24,syn,397435.00,,FPU,EU,
FPU_sel_fp32_40%,Gen8,B0,39.30,syn,397435.00,,FPU,EU,
FPU_sel_fp32_55%,Gen8,B0,46.18,syn,397435.00,,FPU,EU,
FPU_sel_fp64_10%,Gen8,B0,29.35,syn,397435.00,,FPU,EU,
FPU_sel_fp64_20%,Gen8,B0,32.50,syn,397435.00,,FPU,EU,
FPU_sel_fp64_30%,Gen8,B0,38.54,syn,397435.00,,FPU,EU,
FPU_sel_fp64_40%,Gen8,B0,43.01,syn,397435.00,,FPU,EU,
FPU_sel_fp64_55%,Gen8,B0,47.75,syn,397435.00,,FPU,EU,
FPU_sel_int16_10%,Gen8,B0,20.24,syn,397435.00,,FPU,EU,
FPU_sel_int16_20%,Gen8,B0,27.09,syn,397435.00,,FPU,EU,
FPU_sel_int16_30%,Gen8,B0,28.89,syn,397435.00,,FPU,EU,
FPU_sel_int16_40%,Gen8,B0,35.83,syn,397435.00,,FPU,EU,
FPU_sel_int16_55%,Gen8,B0,46.17,syn,397435.00,,FPU,EU,
FPU_sel_int32_10%,Gen8,B0,22.71,syn,397435.00,,FPU,EU,
FPU_sel_int32_20%,Gen8,B0,27.90,syn,397435.00,,FPU,EU,
FPU_sel_int32_30%,Gen8,B0,31.95,syn,397435.00,,FPU,EU,
FPU_sel_int32_40%,Gen8,B0,40.41,syn,397435.00,,FPU,EU,
FPU_sel_int32_55%,Gen8,B0,53.65,syn,397435.00,,FPU,EU,
FPU_sel_int64_10%,Gen8,B0,22.67,syn,397435.00,,FPU,EU,
FPU_sel_int64_20%,Gen8,B0,25.94,syn,397435.00,,FPU,EU,
FPU_sel_int64_30%,Gen8,B0,30.02,syn,397435.00,,FPU,EU,
FPU_sel_int64_40%,Gen8,B0,35.15,syn,397435.00,,FPU,EU,
FPU_sel_int64_55%,Gen8,B0,42.10,syn,397435.00,,FPU,EU,
FPU_sel_intbypass_10%,Gen8,B0,22.71,syn,397435.00,,FPU,EU,
FPU_sel_intbypass_20%,Gen8,B0,27.90,syn,397435.00,,FPU,EU,
FPU_sel_intbypass_30%,Gen8,B0,31.95,syn,397435.00,,FPU,EU,
FPU_sel_intbypass_40%,Gen8,B0,40.41,syn,397435.00,,FPU,EU,
FPU_sel_intbypass_55%,Gen8,B0,53.65,syn,397435.00,,FPU,EU,
FPU_transc_bypass_10%,Gen8,B0,0.00,syn,397435.00,,FPU,EU,
FPU_transc_bypass_20%,Gen8,B0,0.00,syn,397435.00,,FPU,EU,
FPU_transc_bypass_30%,Gen8,B0,0.00,syn,397435.00,,FPU,EU,
FPU_transc_bypass_40%,Gen8,B0,0.00,syn,397435.00,,FPU,EU,
FPU_transc_bypass_55%,Gen8,B0,0.00,syn,397435.00,,FPU,EU,
FPU_transc_fp16_10%,Gen8,B0,9.18,syn,397435.00,,FPU,EU,
FPU_transc_fp16_20%,Gen8,B0,9.54,syn,397435.00,,FPU,EU,
FPU_transc_fp16_30%,Gen8,B0,9.36,syn,397435.00,,FPU,EU,
FPU_transc_fp16_40%,Gen8,B0,9.26,syn,397435.00,,FPU,EU,
FPU_transc_fp16_55%,Gen8,B0,9.55,syn,397435.00,,FPU,EU,
FPU_transc_fp32_10%,Gen8,B0,9.43,syn,397435.00,,FPU,EU,
FPU_transc_fp32_20%,Gen8,B0,9.74,syn,397435.00,,FPU,EU,
FPU_transc_fp32_30%,Gen8,B0,9.97,syn,397435.00,,FPU,EU,
FPU_transc_fp32_40%,Gen8,B0,9.84,syn,397435.00,,FPU,EU,
FPU_transc_fp32_55%,Gen8,B0,9.24,syn,397435.00,,FPU,EU,
FPU_transc_fp64_10%,Gen8,B0,0.00,syn,397435.00,,FPU,EU,
FPU_transc_fp64_20%,Gen8,B0,0.00,syn,397435.00,,FPU,EU,
FPU_transc_fp64_30%,Gen8,B0,0.00,syn,397435.00,,FPU,EU,
FPU_transc_fp64_40%,Gen8,B0,0.00,syn,397435.00,,FPU,EU,
FPU_transc_fp64_55%,Gen8,B0,0.00,syn,397435.00,,FPU,EU,
FPU_transc_int16_10%,Gen8,B0,0.00,syn,397435.00,,FPU,EU,
FPU_transc_int16_20%,Gen8,B0,0.00,syn,397435.00,,FPU,EU,
FPU_transc_int16_30%,Gen8,B0,0.00,syn,397435.00,,FPU,EU,
FPU_transc_int16_40%,Gen8,B0,0.00,syn,397435.00,,FPU,EU,
FPU_transc_int16_55%,Gen8,B0,0.00,syn,397435.00,,FPU,EU,
FPU_transc_int32_10%,Gen8,B0,0.00,syn,397435.00,,FPU,EU,
FPU_transc_int32_20%,Gen8,B0,0.00,syn,397435.00,,FPU,EU,
FPU_transc_int32_30%,Gen8,B0,0.00,syn,397435.00,,FPU,EU,
FPU_transc_int32_40%,Gen8,B0,0.00,syn,397435.00,,FPU,EU,
FPU_transc_int32_55%,Gen8,B0,0.00,syn,397435.00,,FPU,EU,
FPU_transc_int64_10%,Gen8,B0,0.00,syn,397435.00,,FPU,EU,
FPU_transc_int64_20%,Gen8,B0,0.00,syn,397435.00,,FPU,EU,
FPU_transc_int64_30%,Gen8,B0,0.00,syn,397435.00,,FPU,EU,
FPU_transc_int64_40%,Gen8,B0,0.00,syn,397435.00,,FPU,EU,
FPU_transc_int64_55%,Gen8,B0,0.00,syn,397435.00,,FPU,EU,
FPU_transc_intbypass_10%,Gen8,B0,0.00,syn,397435.00,,FPU,EU,
FPU_transc_intbypass_20%,Gen8,B0,0.00,syn,397435.00,,FPU,EU,
FPU_transc_intbypass_30%,Gen8,B0,0.00,syn,397435.00,,FPU,EU,
FPU_transc_intbypass_40%,Gen8,B0,0.00,syn,397435.00,,FPU,EU,
FPU_transc_intbypass_55%,Gen8,B0,0.00,syn,397435.00,,FPU,EU,
PS0_BC,Gen8,A0,1.41,syn,632493.00,,BC,ROSS,
PS0_BC_DOP,Gen8,A0,0.00,syn,632493.00,,BC,ROSS,
PS0_BTGEN_Cache_Idle,Gen8,B0,0.00,ebb,1.00,,BTGEN,FF,
PS0_BTGEN_Cache_Idle,Gen8LPSoC,B0,0.00,ebb,1.00,,BTGEN,FF,
PS0_BTGEN_Cache_Read,Gen8,B0,0.00,ebb,1.00,,BTGEN,FF,
PS0_BTGEN_Cache_Read,Gen8LPSoC,B0,0.00,ebb,1.00,,BTGEN,FF,
PS0_BTGEN_Cache_ReadWrite,Gen8,B0,0.00,ebb,1.00,,BTGEN,FF,
PS0_BTGEN_Cache_ReadWrite,Gen8LPSoC,B0,0.00,ebb,1.00,,BTGEN,FF,
PS0_BTGEN_Cache_Write,Gen8,B0,0.00,ebb,1.00,,BTGEN,FF,
PS0_BTGEN_Cache_Write,Gen8LPSoC,B0,0.00,ebb,1.00,,BTGEN,FF,
PS0_CC,Gen8,A0,0.00,syn,590310.00,,CC,COLOR,
PS0_CC_DOP,Gen8,A0,0.00,syn,590310.00,,CC,COLOR,
PS0_CL,Gen8,A0,15.62,syn,976140.00,,CL,FF,
PS0_CL_DOP,Gen8,A0,0.00,syn,976140.00,,CL,FF,
PS0_CS,Gen8,A0,7.98,syn,413082.00,,CS,FF,
PS0_DAPB,Gen8,A0,0.00,syn,180387.00,,DAPB,COLOR,
PS0_DAPB_DOP,Gen8,A0,0.00,syn,180387.00,,DAPB,COLOR,
PS0_DAPRSC,Gen8,A0,0.13,syn,370000.00,,DAPRSC,COLOR,
PS0_DAPRSC_DOP,Gen8,A0,0.00,syn,370000.00,,DAPRSC,COLOR,
PS0_DAPRSS,Gen8,A0,10.58,syn,538533.00,,DAPRSS,ROSS,
PS0_DAPRSS_BYPASSRAM,Gen8,A0,0.00,syn,538533.00,,DAPRSS,ROSS,
PS0_DAPRSS_DOP,Gen8,A0,0.00,syn,538533.00,,DAPRSS,ROSS,
PS0_DG,Gen8,B0,0.12,syn,240687.00,yacoub,DG,Sampler,Annealing
PS0_DM,Gen8,B0,0.33,syn,613000.00,yacoub,DM,Sampler,Annealing
PS0_DX9_Cache_Idle,Gen8,B0,0.00,ebb,1.00,,DX9_Cache,FF,
PS0_DX9_Cache_Idle,Gen8LPSoC,B0,0.00,ebb,1.00,,DX9_Cache,FF,
PS0_DX9_Cache_Read,Gen8,B0,0.00,ebb,1.00,,DX9_Cache,FF,
PS0_DX9_Cache_Read,Gen8LPSoC,B0,0.00,ebb,1.00,,DX9_Cache,FF,
PS0_DX9_Cache_ReadWrite,Gen8,B0,0.00,ebb,1.00,,DX9_Cache,FF,
PS0_DX9_Cache_ReadWrite,Gen8LPSoC,B0,0.00,ebb,1.00,,DX9_Cache,FF,
PS0_DX9_Cache_Write,Gen8,B0,0.00,ebb,1.00,,DX9_Cache,FF,
PS0_DX9_Cache_Write,Gen8LPSoC,B0,0.00,ebb,1.00,,DX9_Cache,FF,
PS0_EU_DFX,Gen8,A0,0.00,syn,33151.00,,DFX,EU,
PS0_EU_DOP,Gen8,A0,0.00,syn,1.00,,DOP,EU,
PS0_EU_EM,Gen8,A0,0.08,syn,397435.00,,EM,EU,
PS0_EU_FPU,Gen8,A0,0.08,syn,397435.00,,FPU,EU,
PS0_EU_GLUE,Gen8,A0,0.96,syn,10146.50,,GLUE,EU,
PS0_EU_SMALL,Gen8,A0,0.84,syn,41011.00,,SMALL,EU,
PS0_FF_DFX,Gen8,A0,0.00,syn,1.00,,DFX,FF,
PS0_FF_DOP,Gen8,B0,318.00,syn,1.00,FIX THIS - PUT HERE TO FIX AN ERROR IN STAT2RES,DOP,FF,from nevins idle ss
PS0_FF_DOP,Gen8SoC,B0,111.30,syn,1.00,FIX THIS - PUT HERE TO FIX AN ERROR IN STAT2RES,DOP,FF,from nevins idle ss
PS0_FF_GLUE,Gen8,A0,21.25,syn,404856.00,,GLUE,FF,
PS0_FF_SMALL,Gen8,A0,163.72,syn,1836522.00,,SMALL,FF,
PS0_FL,Gen8,B0,0.34,syn,903000.00,yacoub,FL,Sampler,Annealing
PS0_FT,Gen8,B0,0.12,syn,92925.00,,FT,Sampler,
PS0_GA,Gen8,A0,1.30,syn,228117.00,,GA,EU,
PS0_GAM,Gen8,A0,26.74,syn,5039978.00,,GAM,GAM,
PS0_GAM_DFX,Gen8,A0,0.00,syn,1.00,,DFX,GAM,
PS0_GAM_DOP,Gen8,A0,0.00,syn,1.00,,DOP,GAM,
PS0_GAM_GLUE,Gen8,A0,0.00,syn,1.00,,GLUE,GAM,
PS0_GAM_SMALL,Gen8,A0,0.00,syn,1.00,,SMALL,GAM,
PS0_GS,Gen8,A0,15.27,syn,674937.00,,GS,FF,
PS0_GS_Cache_Idle,Gen8,B0,0.00,ebb,1.00,,GS,FF,
PS0_GS_Cache_Idle,Gen8LPSoC,B0,0.00,ebb,1.00,,GS,FF,
PS0_GS_DOP,Gen8,A0,0.00,syn,674937.00,,GS,FF,
PS0_GTI,Gen8,A0,135.62,syn ,3053187.00,,DOP,GTI,
PS0_GTI_GLUE,Gen8,A0,3.07,syn ,1.00,,GLUE,GTI,
PS0_GWL,Gen8,A0,1.17,syn,167673.00,,GWL,ROSS,
PS0_HDC,Gen8,A0,8.53,syn,2673432.00,,HDC,HDC,
PS0_HDC_DFX,Gen8,A0,0.00,syn,1.00,,DFX,HDC,
PS0_HDC_DFX,Gen8,A0,0.00,syn,1.00,,DFX,HDC,
PS0_HDC_DFX_DOP,Gen8,A0,0.00,syn,1.00,,DFX_DOP,HDC,
PS0_HDC_DOP,Gen8,A0,0.00,syn,1.00,,DOP,HDC,
PS0_HDC_GLUE,Gen8,A0,0.00,syn,1.00,,GLUE,HDC,
PS0_HDC_GLUE_DOP,Gen8,A0,0.00,syn,1.00,,GLUE_DOP,HDC,
PS0_HDC_ReqCmd1,Gen8,A0,5.46,syn,1352354.00,"made equal to hdcreqdata, need cdynwt",HDC_ReqCmd1,HDC,
PS0_HDC_ReqCmd1_DOP,Gen8,A0,0.00,syn,1352354.00,,HDC_ReqCmd1_DOP,HDC,
PS0_HDC_ReqCmd2,Gen8,A0,5.46,syn,1352354.00,"made equal to hdcreqdata, need cdynwt",HDC_ReqCmd2,HDC,
PS0_HDC_ReqCmd2_DOP,Gen8,A0,0.00,syn,1352354.00,,HDC_ReqCmd2_DOP,HDC,
PS0_HDC_ReqData,Gen8,A0,5.46,syn,4300000.00,distributed bdw cdynwt with gate count ratioing,HDC_ReqData,HDC,
PS0_HDC_ReqData_DOP,Gen8,A0,0.00,syn,4300000.00,,HDC_ReqData_DOP,HDC,
PS0_HDC_Ret,Gen8,A0,1.47,syn,1160000.00,,HDC_Ret,HDC,
PS0_HDC_Ret_DOP,Gen8,A0,0.00,syn,1160000.00,distributed bdw cdynwt with gate count ratioing,HDC_Ret_DOP,HDC,
PS0_HDC_SMALL,Gen8,A0,0.00,syn,1.00,,SMALL,HDC,
PS0_HDCTLB,Gen8,A0,1.60,syn,1260000.00,distributed bdw cdynwt with gate count ratioing,HDCTLB,HDC,
PS0_HDCTLB_DOP,Gen8,A0,0.00,syn,1260000.00,,HDCTLB_DOP,HDC,
PS0_HIZ,Gen8,A0,3.95,syn,1791810.00,,HIZ,Z,
PS0_HIZ_DOP,Gen8,A0,0.00,syn,1791810.00,,HIZ_DOP,Z,
PS0_HS,Gen8,A0,2.18,syn,292185.00,,HS,FF,
PS0_HS_Cache_Idle,Gen8,B0,0.00,ebb,1.00,,HS_Cache_Idle,FF,
PS0_HS_Cache_Idle,Gen8LPSoC,B0,0.00,ebb,1.00,,HS_Cache_Idle,FF,
PS0_HS_DOP,Gen8,A0,0.00,syn,292185.00,,HS_DOP,FF,
PS0_IC,Gen8,A0,0.94,syn,289269.00,,IC,ROSS,
PS0_IC_DATARAM,Gen8,B0,0.00,ebb,1.00,,IC_DATARAM,ROSS,
PS0_IC_DATARAM,Gen8LPSoC,B0,0.00,ebb,1.00,,IC_DATARAM,ROSS,
PS0_IZ,Gen8,A0,4.13,syn,1132263.00,,IZ,Z,
PS0_IZ_DOP,Gen8,A0,0.00,syn,1132263.00,,IZ_DOP,Z,
PS0_L3_Bank_DFX,Gen8,A0,0.00,syn,1.00,SAME AS glue cdynwt,DFX,L3_Bank,
PS0_L3_Bank_DOP,Gen8,A0,0.00,syn,1.00,,DOP,L3_Bank,
PS0_L3_Bank_GLUE,Gen8,A0,1.79,syn,26663.00,,GLUE,L3_Bank,
PS0_L3_Bank_SMALL,Gen8,A0,17.96,syn,169468.00,,SMALL,L3_Bank,
PS0_L3BankOther,Gen8,A0,16.78,syn,186760.00,,L3BankOther,L3_Bank,
PS0_LNE,Gen8,A0,8.38,syn,467244.00,bdw,LNE,L3_Bank,
PS0_LNEXS,Gen8,A0,0.00,syn,1.00,,LNEXS,L3_Bank,
PS0_LNI,Gen8,A0,8.38,syn,780922.00,,LNI,L3_Bank,
PS0_LNIXS,Gen8,A0,0.00,syn,1.00,,LNIXS,L3_Bank,
PS0_LSLM,Gen8,A0,0.43,syn,157255.00,,LSLM,L3_Bank,
PS0_LSQC,Gen8,A0,1.37,syn,305173.00,,LSQC,L3_Bank,
PS0_LSQD,Gen8,A0,0.62,syn,293227.00,,LSQD,L3_Bank,
PS0_LTCC,Gen8,A0,0.00,syn,17293.00,missing too small,LTCC,L3_Bank,
PS0_LTCD_Data,Gen8,A0,7.08,syn,816442.00,,LTCD,L3_Bank,
PS0_LTCD_EBB,Gen8,B0,0.00,ebb,1.00,,LTCD,L3_Bank,
PS0_LTCD_EBB,Gen8LPSoC,B0,0.00,ebb,1.00,,LTCD,L3_Bank,
PS0_LTCD_Tag,Gen8,A0,7.08,syn,816442.00,,LTCD,L3_Bank,
PS0_MA_IN,Gen8,A0,0.32,syn,151624.00,,MA_IN,ROSS,
PS0_MA_OUT,Gen8,A0,0.39,syn,151624.00,,MA_OUT,ROSS,
PS0_Media,Gen8,B0,8.03,syn,3343545.00,,Media,Sampler,
PS0_Media_Idle,Gen8,A0,82.95,syn,5370000.00,,Media_Idle,Other,added 26nf for the clks from nevins idle ss
PS0_MSC,Gen8,A0,0.41,syn,375000.00,,MSC,COLOR,
PS0_MSC_DOP,Gen8,A0,0.00,syn,375000.00,,MSC_DOP,COLOR,
PS0_MT,Gen8,B0,0.41,syn,353223.00,yacoub,MT,Sampler,Annealing
PS0_MT_DataRam_IDLE,Gen8,B0,0.00,ebb,1.00,,MT,Sampler,Annealing
PS0_MT_DataRam_IDLE,Gen8LPSoC,B0,0.00,ebb,1.00,,MT,Sampler,Annealing
PS0_MT_LatFifo_IDLE,Gen8,B0,0.00,ebb,1.00,,MT,Sampler,Annealing
PS0_MT_LatFifo_IDLE,Gen8LPSoC,B0,0.00,ebb,1.00,,MT,Sampler,Annealing
PS0_OACS,Gen8,A0,0.00,syn,1.00,,OACS,FF,
PS0_PL,Gen8,B0,0.43,syn,499869.00,yacoub,PL,Sampler,Annealing
PS0_PSD,Gen8,A0,10.97,syn,606024.00,,PSD,ROSS,
PS0_PSD_BARYPAYLDASMRAM,Gen8,B0,0.00,ebb,1.00,,PSD_BARYPAYLDASMRAM,ROSS,
PS0_PSD_BARYPAYLDASMRAM,Gen8LPSoC,B0,0.00,ebb,1.00,,PSD_BARYPAYLDASMRAM,ROSS,
PS0_PSD_DOP,Gen8,A0,0.00,syn,606024.00,,PSD_DOP,ROSS,
PS0_PSD_SCOREBOARD,Gen8,B0,0.00,ebb,1.00,,PSD_SCOREBOARD,ROSS,
PS0_PSD_SCOREBOARD,Gen8LPSoC,B0,0.00,ebb,1.00,,PSD_SCOREBOARD,ROSS,
PS0_RCC,Gen8,A0,0.46,syn,724464.00,,RCC,COLOR,
PS0_RCC_DOP,Gen8,A0,0.00,syn,724464.00,,RCC_DOP,COLOR,
PS0_RCPBCOM,Gen8,A0,1.28,syn,1059930.00,,RCPBCOM,COLOR,
PS0_RCPBCOM_DOP,Gen8,A0,0.00,syn,1059930.00,,RCPBCOM_DOP,COLOR,
PS0_RCPBE,Gen8,A0,2.56,syn,1.00,,RCPBE,COLOR,
PS0_RCPBE_DOP,Gen8,A0,0.00,syn,1.00,,RCPBE_DOP,COLOR,
PS0_RCPBPIX,Gen8,A0,1.28,syn,1170000.00,,RCPBPIX,COLOR,
PS0_RCPBPIX_DOP,Gen8,A0,0.00,syn,1170000.00,,RCPBPIX_DOP,COLOR,
PS0_RCPFE,Gen8,A0,3.14,syn,674703.00,,RCPFE,COLOR,
PS0_RCPFE_DOP,Gen8,A0,0.00,syn,674703.00,,RCPFE_DOP,COLOR,
PS0_RCZ,Gen8,A0,7.45,syn,1071972.00,,RCZ,Z,
PS0_RCZ_DOP,Gen8,A0,0.00,syn,1071972.00,,RCZ_DOP,Z,
PS0_ROSC_DFX,Gen8,A0,0.00,syn,1.00,,DFX,ROSC,
PS0_ROSC_DFX_DOP,Gen8,A0,0.00,syn,1.00,,DFX_DOP,ROSC,
PS0_ROSC_DOP,Gen8,B0,0.00,syn,1.00,,DOP,ROSC,
PS0_ROSC_GLUE,Gen8,A0,45.67,syn,1.00,,GLUE,ROSC,
PS0_ROSC_GLUE_DOP,Gen8,A0,0.00,syn,1.00,,GLUE_DOP,ROSC,
PS0_ROSC_SMALL,Gen8,A0,183.12,syn,661698.00,,SMALL,ROSC,
PS0_ROSC_SMALL_DOP,Gen8,A0,0.00,syn,1.00,,SMALL_DOP,ROSC,
PS0_ROSS_DFX,Gen8,A0,0.00,syn,1.00,,DFX,ROSS,
PS0_ROSS_DFX_DOP,Gen8,A0,0.00,syn,1.00,,DFX_DOP,ROSS,
PS0_ROSS_DOP,Gen8,A0,0.00,syn,1.00,,DOP,ROSS,
PS0_ROSS_GLUE,Gen8,A0,9.44,syn,1.00,,GLUE,ROSS,
PS0_ROSS_GLUE_DOP,Gen8,B0,0.00,syn,1.00,,GLUE_DOP,ROSS,
PS0_ROSS_SMALL,Gen8,A0,17.09,syn,215874.00,,SMALL,ROSS,
PS0_ROSS_SMALL_DOP,Gen8,A0,0.00,syn,1.00,,SMALL_DOP,ROSS,
PS0_RoutingChannel,Gen8,A0,1050.21,syn,1.00,,RoutingChannel,Other,
PS0_RS,Gen8,A0,0.00,syn,285426.00,,RS,FF,
PS0_Sampler_GLUE,Gen8,B0,0.00,syn,1.00,,GLUE,Sampler,
PS0_SARB,Gen8,A0,1.32,syn,195102.00,,SARB,FF,
PS0_SBE,Gen8,A0,6.54,syn,1226664.00,,SBE,ROSC,
PS0_SBE_DOP,Gen8,A0,0.00,syn,1226664.00,,SBE_DOP,ROSC,
PS0_SC,Gen8,B0,14.69,syn,391284.00,yacoub,SC,Sampler,Annealing
PS0_SC_DataRam_IDLE,Gen8,B0,0.00,ebb,1.00,,SC,Sampler,
PS0_SC_DataRam_IDLE,Gen8LPSoC,B0,0.00,ebb,1.00,,SC,Sampler,
PS0_SC_LatFifo_IDLE,Gen8,B0,0.00,ebb,1.00,,SC,Sampler,
PS0_SC_LatFifo_IDLE,Gen8LPSoC,B0,0.00,ebb,1.00,,SC,Sampler,
PS0_SDE,Gen8,A0,0.00,syn,66852.00,,SDE,FF,
PS0_SDE_DOP,Gen8,A0,0.00,syn,66852.00,,SDE_DOP,FF,
PS0_SF,Gen8,A0,12.38,syn,1163781.00,,SF,FF,
PS0_SF_DOP,Gen8,A0,0.00,syn,1163781.00,,SF_DOP,FF,
PS0_SI,Gen8,B0,0.45,syn,361368.00,yacoub,SI,Sampler,Annealing
PS0_SO,Gen8,B0,0.28,syn,113004.00,,SO,Sampler,
PS0_SOL,Gen8,A0,6.15,syn,247815.00,,SOL,FF,
PS0_SOL_Cache_Idle,Gen8,B0,0.00,ebb,1.00,,SOL_Cache_Idle,FF,
PS0_SOL_Cache_Idle,Gen8LPSoC,B0,0.00,ebb,1.00,,SOL_Cache_Idle,FF,
PS0_SOL_DOP,Gen8,A0,0.00,syn,247815.00,,SOL_DOP,FF,
PS0_ST,Gen8,B0,2.56,syn,371000.00,yacoub,ST,Sampler,Annealing
PS0_STC,Gen8,A0,5.78,syn,705438.00,,STC,Z,
PS0_STC_DOP,Gen8,A0,0.00,syn,1.00,,STC_DOP,Z,
PS0_SVG,Gen8,A0,0.69,syn,69714.00,,SVG,FF,
PS0_SVL,Gen8,A0,0.61,syn,103410.00,,SVL,ROSC,
PS0_SVSM,Gen8,B0,0.27,syn,154170.00,,SVSM,Sampler,
PS0_TC,Gen8,A0,2.86,syn,479003.00,,TC,EU,
PS0_TDC,Gen8,A0,0.00,syn,188379.00,,TDC,ROSC,
PS0_TDG,Gen8,A0,1.15,syn,153333.00,,TDG,FF,
PS0_TDL,Gen8,A0,3.74,syn,426672.00,,TDL,ROSS,
PS0_TDS,Gen8,A0,6.08,syn,719541.00,,TDS,FF,
PS0_TDS_Cache_Idle,Gen8,B0,0.00,ebb,1.00,,TDS_Cache_Idle,FF,
PS0_TDS_Cache_Idle,Gen8LPSoC,B0,0.00,ebb,1.00,,TDS_Cache_Idle,FF,
PS0_TDS_DOP,Gen8,A0,0.00,syn,719541.00,,TDS_DOP,FF,
PS0_TE,Gen8,A0,3.93,syn,101061.00,,TE,FF,
PS0_TE_DOP,Gen8,A0,0.00,syn,101061.00,,TE_DOP,FF,
PS0_TSG,Gen8,A0,1.15,syn,379692.00,,TSG,FF,
PS0_URBM,Gen8,A0,0.08,syn,172710.00,,URBM,FF,
PS0_URBM_DOP,Gen8,A0,0.00,syn,172710.00,,URBM_DOP,FF,
PS0_VF,Gen8,A0,9.93,syn,1584422.00,,VF,FF,
PS0_VF_Cache_Idle,Gen8,B0,0.00,ebb,1.00,,VF_Cache_Idle,FF,
PS0_VF_Cache_Idle,Gen8LPSoC,B0,0.00,ebb,1.00,,VF_Cache_Idle,FF,
PS0_VF_DOP,Gen8,A0,0.00,syn,1584422.00,,VF_DOP,FF,
PS0_VF_URBFifo_Idle,Gen8,B0,0.00,ebb,1.00,,VF_URBFifo_Idle,FF,
PS0_VF_URBFifo_Idle,Gen8LPSoC,B0,0.00,ebb,1.00,,VF_URBFifo_Idle,FF,
PS0_VFBE1,Gen8,A0,4.97,syn,822462.00,half of vfunit,VFBE1,FF,
PS0_VFBE1_DOP,Gen8,A0,0.00,syn,822462.00,,VFBE1_DOP,FF,
PS0_VFBE2,Gen8,A0,4.97,syn,822462.00,half of vfunit,VFBE2,FF,
PS0_VFBE2_DOP,Gen8,A0,0.00,syn,822462.00,half of vfunit,VFBE2_DOP,FF,
PS0_VFE,Gen8,A0,0.13,syn,90072.00,,VFE,FF,
PS0_VS_Cache_Idle,Gen8,B0,0.00,ebb,1.00,,VS_Cache_Idle,FF,
PS0_VS_Cache_Idle,Gen8LPSoC,B0,0.00,ebb,1.00,,VS_Cache_Idle,FF,
PS0_VSBE,Gen8,A0,9.56,syn,1636656.00,,VSBE,FF,
PS0_VSBE_DOP,Gen8,A0,0.00,syn,1636656.00,,VSBE_DOP,FF,
PS0_VSFE,Gen8,A0,9.56,syn,1636656.00,,VSFE,FF,
PS0_VSFE_DOP,Gen8,A0,0.00,syn,1636656.00,,VSFE_DOP,FF,
PS0_WMBE,Gen8,A0,0.94,syn,900063.00,,WMBE,ROSC,
PS0_WMBE_DOP,Gen8,A0,0.00,syn,900063.00,,WMBE_DOP,ROSC,
PS0_WMFE,Gen8,A0,4.54,syn,187920.00,,WMFE,ROSC,
PS0_WMFE_DOP,Gen8,A0,0.00,syn,187920.00,,WMFE_DOP,ROSC,
PS1_BC,Gen8,A0,6.11,syn,632493.00,,BC,ROSS,
PS1_CC,Gen8,A0,0.00,syn,590310.00,,CC,COLOR,
PS1_CL,Gen8,A0,43.50,syn,976140.00,,CL,FF,
PS1_CS,Gen8,A0,16.56,syn,413082.00,,CS,FF,
PS1_DAPB,Gen8,A0,0.00,syn,180387.00,,DAPB,COLOR,
PS1_DAPRSC,Gen8,A0,6.51,syn,434799.00,,DAPRSC,COLOR,
PS1_DAPRSS,Gen8,A0,46.91,syn,538533.00,,DAPRSS,ROSS,
PS1_DG,Gen8,B0,7.48,syn,240687.00,yacoub,DG,Sampler,Annealing
PS1_DM,Gen8,B0,5.54,syn,613000.00,yacoub,DM,Sampler,Annealing
PS1_EU_DFX,Gen8,A0,0.00,syn,33151.00,,DFX,EU,
PS1_EU_DOP,Gen8,A0,0.00,syn,1.00,,DOP,EU,
PS1_EU_EM,Gen8,A0,10.85,syn,397435.00,from the idle cgdis sheet,EM,EU,
PS1_EU_FPU,Gen8,A0,10.85,syn,397435.00,from the idle cgdis sheet,FPU,EU,
PS1_EU_GLUE,Gen8,A0,1.30,syn,10146.50,,GLUE,EU,
PS1_EU_SMALL,Gen8,A0,1.36,syn,41011.00,,SMALL,EU,
PS1_FF_DFX,Gen8,A0,0.00,syn,1.00,,DFX,FF,
PS1_FF_DOP,Gen8,A0,0.00,syn,1.00,,DOP,FF,
PS1_FF_GLUE,Gen8,A0,21.25,syn,404856.00,,GLUE,FF,
PS1_FF_SMALL,Gen8,A0,163.72,syn,1836522.00,,SMALL,FF,
PS1_FL,Gen8,B0,11.03,syn,903000.00,yacoub,FL,Sampler,Annealing
PS1_FT,Gen8,B0,2.74,syn,92925.00,,FT,Sampler,
PS1_GA,Gen8,A0,1.30,syn,228117.00,,GA,EU,
PS1_GAM,Gen8,A0,47.04,syn,5039978.00,,GAM,GAM,
PS1_GS,Gen8,A0,41.24,syn,674937.00,,GS,FF,
PS1_GTI,Gen8,A0,230.86,syn ,3053187.00,,GTI,GTI,
PS1_GWL,Gen8,A0,2.95,syn,167673.00,,GWL,ROSS,
PS1_HDC,Gen8,A0,135.78,syn,2673432.00,,HDC,HDC,
PS1_HDC_DFX,Gen8,A0,0.00,syn,1.00,,DFX,HDC,
PS1_HDC_GLUE,Gen8,A0,0.00,syn,1.00,,GLUE,HDC,
PS1_HDC_ReqCmd1,Gen8,A0,86.88,syn,1352354.00,"made equal to hdcreqdata, need cdynwt",ReqCmd1,HDC,
PS1_HDC_ReqCmd2,Gen8,A0,86.88,syn,1352354.00,"made equal to hdcreqdata, need cdynwt",ReqCmd2,HDC,
PS1_HDC_ReqData,Gen8,A0,5.46,syn,4300000.00,distributed bdw cdynwt with gate count ratioing,HDC_ReqData,HDC,
PS1_HDC_Ret,Gen8,A0,23.44,syn,1160000.00,distributed bdw cdynwt with gate count ratioing,HDC_Ret,HDC,
PS1_HDC_SMALL,Gen8,A0,0.00,syn,1.00,,SMALL,HDC,
PS1_HDCTLB,Gen8,A0,25.46,syn,1260000.00,distributed bdw cdynwt with gate count ratioing,HDCTLB,HDC,
PS1_HIZ,Gen8,A0,28.07,syn,1791810.00,,HIZ,Z,
PS1_HS,Gen8,A0,16.29,syn,292185.00,,HS,FF,
PS1_IC,Gen8,A0,9.62,syn,289269.00,,IC,ROSS,
PS1_IZ,Gen8,A0,25.67,syn,1132263.00,,IZ,Z,
PS1_L3_Bank_DFX,Gen8,A0,0.00,syn,1.00,SAME AS glue cdynwt,DFX,L3_Bank,
PS1_L3_Bank_DOP,Gen8,A0,0.00,syn,1.00,,DOP,L3_Bank,
PS1_L3_Bank_GLUE,Gen8,A0,4.37,syn,26663.00,,GLUE,L3_Bank,
PS1_L3_Bank_SMALL,Gen8,A0,35.00,syn,169468.00,,SMALL,L3_Bank,
PS1_L3BankOther,Gen8,A0,32.71,syn,186760.00,,L3BankOther,L3_Bank,
PS1_LNE,Gen8,A0,49.90,syn,467244.00,bdw,LNE,L3_Bank,
PS1_LNEXS,Gen8,A0,0.00,syn,1.00,,LNEXS,L3_Bank,
PS1_LNI,Gen8,A0,49.90,syn,780922.00,,LNI,L3_Bank,
PS1_LNIXS,Gen8,A0,0.00,syn,1.00,,LNIXS,L3_Bank,
PS1_LSLM,Gen8,A0,11.75,syn,157255.00,,LSLM,L3_Bank,
PS1_LSQC,Gen8,A0,30.72,syn,305173.00,,LSQC,L3_Bank,
PS1_LSQD,Gen8,A0,41.96,syn,293227.00,,LSQD,L3_Bank,
PS1_LTCC,Gen8,A0,0.00,syn,17293.00,missing too small,LTCC,L3_Bank,
PS1_LTCD_Data,Gen8,A0,7.08,syn,816442.00,,LTCD,L3_Bank,
PS1_LTCD_EBB,Gen8,B0,0.00,ebb,1.00,,LTCD,L3_Bank,
PS1_LTCD_EBB,Gen8LPSoC,B0,0.00,ebb,1.00,,LTCD,L3_Bank,
PS1_LTCD_Tag,Gen8,A0,7.08,syn,816442.00,,LTCD,L3_Bank,
PS1_MA_IN,Gen8,A0,0.67,syn,151624.00,,MA_IN,ROSS,
PS1_MA_OUT,Gen8,A0,0.85,syn,151624.00,,MA_OUT,ROSS,
PS1_Media,Gen8,B0,0.00,syn,3343545.00,,Media,Sampler,
PS1_MSC,Gen8,A0,9.42,syn,375000.00,,MSC,COLOR,
PS1_MT,Gen8,B0,7.70,syn,353223.00,yacoub,MT,Sampler,Annealing
PS1_OACS,Gen8,A0,0.00,syn,1.00,,OACS,FF,
PS1_PL,Gen8,B0,8.95,syn,499869.00,yacoub,PL,Sampler,Annealing
PS1_PSD,Gen8,A0,51.90,syn,606024.00,,PSD,ROSS,
PS1_RCC,Gen8,A0,17.42,syn,724464.00,,RCC,COLOR,
PS1_RCPBCOM,Gen8,A0,8.01,syn,1059930.00,,RCPBCOM,COLOR,
PS1_RCPBE,Gen8,A0,16.06,syn,1.00,,RCPBE,COLOR,
PS1_RCPBPIX,Gen8,A0,8.01,syn,1170000.00,,RCPBPIX,COLOR,
PS1_RCPFE,Gen8,A0,22.07,syn,674703.00,,RCPFE,COLOR,
PS1_RCZ,Gen8,A0,50.44,syn,1071972.00,,RCZ,Z,
PS1_RoutingChannel ,Gen8,A0,1500.29,syn,1.00,,RoutingChannel ,Other,
PS1_RS,Gen8,A0,0.00,syn,285426.00,,RS,FF,
PS1_Sampler_GLUE,Gen8,B0,0.00,syn,1.00,,GLUE,Sampler,
PS1_SARB,Gen8,A0,9.17,syn,195102.00,,SARB,FF,
PS1_SBE,Gen8,A0,37.01,syn,1226664.00,,SBE,ROSC,
PS1_SC,Gen8,B0,17.73,syn,391284.00,yacoub,SC,Sampler,Annealing
PS1_SDE,Gen8,A0,0.00,syn,66852.00,,SDE,FF,
PS1_SF,Gen8,A0,29.24,syn,1163781.00,,SF,FF,
PS1_SI,Gen8,B0,9.37,syn,361368.00,yacoub,SI,Sampler,Annealing
PS1_SO,Gen8,B0,2.91,syn,113004.00,,SO,Sampler,
PS1_SOL,Gen8,A0,6.99,syn,247815.00,,SOL,FF,
PS1_ST,Gen8,B0,21.18,syn,371000.00,yacoub,ST,Sampler,Annealing
PS1_STC,Gen8,A0,23.10,syn,705438.00,,STC,Z,
PS1_SVG,Gen8,A0,6.62,syn,69714.00,,SVG,FF,
PS1_SVL,Gen8,A0,4.37,syn,103410.00,,SVL,ROSC,
PS1_SVSM,Gen8,B0,3.60,syn,154170.00,,SVSM,Sampler,
PS1_TC,Gen8,A0,13.88,syn,479003.00,,TC,EU,
PS1_TDC,Gen8,A0,0.00,syn,188379.00,,TDC,ROSC,
PS1_TDG,Gen8,A0,11.16,syn,153333.00,,TDG,FF,
PS1_TDL,Gen8,A0,20.39,syn,426672.00,,TDL,ROSS,
PS1_TDS,Gen8,A0,65.60,syn,719541.00,,TDS,FF,
PS1_TE,Gen8,A0,20.16,syn,101061.00,,TE,FF,
PS1_TSG,Gen8,A0,17.39,syn,379692.00,,TSG,FF,
PS1_URBM,Gen8,A0,13.30,syn,172710.00,,URBM,FF,
PS1_VF,Gen8,A0,25.44,syn,1584422.00,,VF,FF,
PS1_VFBE1,Gen8,A0,12.72,syn,822462.00,half of vfunit,VFBE1,FF,
PS1_VFBE2,Gen8,A0,12.72,syn,822462.00,half of vfunit,VFBE2,FF,
PS1_VFE,Gen8,A0,0.00,syn,90072.00,,VFE,FF,
PS1_VSBE,Gen8,A0,38.58,syn,1636656.00,,VSBE,FF,
PS1_VSFE,Gen8,A0,38.58,syn,1636656.00,,VSFE,FF,
PS1_WMBE,Gen8,A0,10.18,syn,900063.00,,WMBE,ROSC,
PS1_WMFE,Gen8,A0,8.53,syn,187920.00,,WMFE,ROSC,
PS2_BC,Gen8,A0,64.92,syn,632493.00,,BC,ROSS,
PS2_BC_BARYRAM_READ,Gen8,B0,6.35,ebb,1.00,,BC,ROSS,
PS2_BC_BARYRAM_READ,Gen8LPSoC,B0,3.09,ebb,1.00,,BC,ROSS,
PS2_BC_BARYRAM_WRITE,Gen8,B0,6.56,ebb,1.00,,BC,ROSS,
PS2_BC_BARYRAM_WRITE,Gen8LPSoC,B0,3.85,ebb,1.00,,BC,ROSS,
PS2_CC_DIS,Gen8,A0,0.00,syn,590310.00,,CC,COLOR,
PS2_CC_EN_PARTIALS,Gen8,A0,0.00,syn,590310.00,,CC,COLOR,
PS2_CC_EN_WRITES,Gen8,A0,0.00,syn,590310.00,,CC,COLOR,
PS2_CL,Gen8,A0,133.86,syn,976140.00,,CL,FF,
PS2_ClockSpine,Gen8,B0,328.00,syn,1.00,,ClockSpine,Other,
PS2_ClockSpine,Gen8SoC,B0,128.00,syn,1.00,,ClockSpine,Other,
PS2_CS,Gen8,A0,63.27,syn,413082.00,,CS,FF,
PS2_DAPB_DIS,Gen8,A0,0.00,syn,180387.00,,DAPB,COLOR,
PS2_DAPB_MSAA_RTR,Gen8,A0,0.00,syn,180387.00,,DAPB,COLOR,
PS2_DAPB_NOMSAA_RTR,Gen8,A0,0.00,syn,180387.00,,DAPB,COLOR,
PS2_DAPRSC,Gen8,A0,70.74,syn,370000.00,,DAPRSC,COLOR,
PS2_DAPRSS,Gen8,A0,126.10,syn,538533.00,,DAPRSS,ROSS,
PS2_DAPRSS_BYPASSRAM_READ,Gen8,B0,19.60,ebb,1.00,,DAPRSS,ROSS,
PS2_DAPRSS_BYPASSRAM_READ,Gen8LPSoC,B0,10.57,ebb,1.00,,DAPRSS,ROSS,
PS2_DAPRSS_BYPASSRAM_WRITE,Gen8,B0,43.03,ebb,1.00,,DAPRSS,ROSS,
PS2_DAPRSS_BYPASSRAM_WRITE,Gen8LPSoC,B0,20.57,ebb,1.00,,DAPRSS,ROSS,
PS2_DAPRSS_CLEARRESOLVE,Gen8,A0,126.10,syn,538533.00,,DAPRSS,ROSS,
PS2_DAPRSS_ELSE,Gen8,A0,126.10,syn,538533.00,,DAPRSS,ROSS,
PS2_DAPRSS_RENDERTARGETREAD,Gen8,A0,126.10,syn,538533.00,,DAPRSS,ROSS,
PS2_DAPRSS_RENDERTARGETWRITE,Gen8,A0,126.10,syn,538533.00,,DAPRSS,ROSS,
PS2_DAPRSS_WRITEFLUSH,Gen8,A0,126.10,syn,538533.00,,DAPRSS,ROSS,
PS2_DG_AnisoGreaterThan_8way_128BPT,Gen8,B0,33.04,syn,240687.00,"yacoub, 16+way",DG,Sampler,Annealing
PS2_DG_AnisoGreaterThan_8way_32BPT,Gen8,B0,76.67,syn,240687.00,"yacoub, 16+way",DG,Sampler,Annealing
PS2_DG_AnisoGreaterThan_8way_64BPT,Gen8,B0,49.48,syn,240687.00,"yacoub, 16+way",DG,Sampler,Annealing
PS2_DG_AnisoLessThanOrEqualTo_8way_128BPT,Gen8,B0,0.00,syn,240687.00,NIB,DG,Sampler,Annealing
PS2_DG_AnisoLessThanOrEqualTo_8way_32BPT,Gen8,B0,74.62,syn,240687.00,"yacoub, 2+way",DG,Sampler,Annealing
PS2_DG_AnisoLessThanOrEqualTo_8way_64BPT,Gen8,B0,45.83,syn,240687.00,"yacoub, 2+way",DG,Sampler,Annealing
PS2_DG_BabyDG_Enable,Gen8,B0,0.00,syn,240687.00,NIB,DG,Sampler,Annealing
PS2_DG_Bilinear_128BPT,Gen8,B0,33.14,syn,240687.00,yacoub,DG,Sampler,Annealing
PS2_DG_Bilinear_32BPT,Gen8,B0,57.73,syn,240687.00,yacoub,DG,Sampler,Annealing
PS2_DG_Bilinear_64BPT,Gen8,B0,46.42,syn,240687.00,yacoub,DG,Sampler,Annealing
PS2_DG_Else,Gen8,B0,26.99,syn,240687.00,yacoub,DG,Sampler,Annealing
PS2_DG_FastLinear_128BPT,Gen8,B0,33.14,syn,240687.00,"missing, made equalt o DG_Bilinear",DG,Sampler,Annealing
PS2_DG_FastLinear_32BPT,Gen8,B0,57.73,syn,240687.00,"missing, made equalt o DG_Bilinear",DG,Sampler,Annealing
PS2_DG_FastLinear_64BPT,Gen8,B0,46.42,syn,240687.00,"missing, made equalt o DG_Bilinear",DG,Sampler,Annealing
PS2_DG_Gather4_128BPT,Gen8,B0,26.99,syn,240687.00,yacoub,DG,Sampler,Annealing
PS2_DG_Gather4_32BPT,Gen8,B0,42.33,syn,240687.00,yacoub,DG,Sampler,Annealing
PS2_DG_Gather4_64BPT,Gen8,B0,41.38,syn,240687.00,yacoub,DG,Sampler,Annealing
PS2_DG_Nearest_128BPT,Gen8,B0,33.14,syn,240687.00,equal to dg bilinear,DG,Sampler,
PS2_DG_Nearest_32BPT,Gen8,B0,57.73,syn,240687.00,equal to dg bilinear,DG,Sampler,
PS2_DG_Nearest_64BPT,Gen8,B0,46.42,syn,240687.00,equal to dg bilinear,DG,Sampler,
PS2_DG_Trilinear_128BPT,Gen8,B0,30.50,syn,240687.00,yacoub,DG,Sampler,Annealing
PS2_DG_Trilinear_32BPT,Gen8,B0,57.73,syn,240687.00,yacoub,DG,Sampler,Annealing
PS2_DG_Trilinear_64BPT,Gen8,B0,44.03,syn,240687.00,yacoub,DG,Sampler,Annealing
PS2_DG_Volumetric_128BPT,Gen8,B0,30.25,syn,240687.00,yacoub,DG,Sampler,Annealing
PS2_DG_Volumetric_32BPT,Gen8,B0,43.11,syn,240687.00,yacoub,DG,Sampler,Annealing
PS2_DG_Volumetric_64BPT,Gen8,B0,45.16,syn,240687.00,yacoub,DG,Sampler,Annealing
PS2_DM_BC1_3_SRGB,Gen8,B0,146.64,syn,613000.00,"yacoub, averaged the cdynwt of the 3 substates",DM,Sampler,Annealing
PS2_DM_BC1_5,Gen8,B0,113.61,syn,613000.00,"yacoub, averaged the cdynwt of the 8 substates",DM,Sampler,Annealing
PS2_DM_BC6_7,Gen8,B0,142.28,syn,613000.00,"yacoub, averaged the cdynwt of the 3 substates",DM,Sampler,Annealing
PS2_DM_BC7_SRGB,Gen8,B0,184.50,syn,613000.00,yacoub,DM,Sampler,Annealing
PS2_DM_Compressed_BYPASS,Gen8,B0,0.00,syn,613000.00,NIB,DM,Sampler,Annealing
PS2_DM_Else,Gen8,B0,125.09,syn,613000.00,"missing, made equalt o DM_ETC",DM,Sampler,Annealing
PS2_DM_ETC,Gen8,B0,125.09,syn,613000.00,"yacoub, averaged the cdynwt of the 6 substates",DM,Sampler,Annealing
PS2_DM_Expanded,Gen8,B0,0.00,syn,613000.00,NIB,DM,Sampler,Annealing
PS2_DM_Expanded_BYPASS,Gen8,B0,0.00,syn,613000.00,NIB,DM,Sampler,Annealing
PS2_EU_DFX,Gen8,A0,0.00,syn,33151.00,,DFX,EU,
PS2_EU_DOP,Gen8,B0,1.60,syn,1.00,,DOP,EU,from nevins idle ss
PS2_EU_GLUE,Gen8,A0,3.30,syn,10146.50,,GLUE,EU,
PS2_EU_SMALL,Gen8,A0,3.37,syn,41011.00,,SMALL,EU,
PS2_FF_DFX,Gen8,A0,0.00,syn,1.00,,DFX,FF,
PS2_FF_DOP,Gen8,B0,318.00,syn,1.00,,DOP,FF,from nevins idle ss
PS2_FF_DOP,Gen8SoC,B0,111.30,syn,1.00,,DOP,FF,from nevins idle ss
PS2_FF_GLUE,Gen8,A0,36.86,syn,404856.00,,GLUE,FF,
PS2_FF_SMALL,Gen8,A0,163.72,syn,1836522.00,,SMALL,FF,
PS2_FL_Bilinear_Else,Gen8,B0,162.75,syn,903000.00,yacoub,FL,Sampler,Annealing
PS2_FL_Bilinear_Float16,Gen8,B0,167.90,syn,903000.00,yacoub,FL,Sampler,Annealing
PS2_FL_Bilinear_Float32,Gen8,B0,92.41,syn,903000.00,yacoub,FL,Sampler,Annealing
PS2_FL_Data_Dep_Bypass,Gen8,B0,168.99,syn,903000.00,yacoub,FL,Sampler,Annealing
PS2_FL_Else,Gen8,B0,162.75,syn,903000.00,yacoub,FL,Sampler,Annealing
PS2_FL_FastLinear_Else,Gen8,B0,0.00,syn,903000.00,missing,FL,Sampler,Annealing
PS2_FL_FastLinear_Float16,Gen8,B0,0.00,syn,903000.00,missing,FL,Sampler,Annealing
PS2_FL_FastLinear_Float32,Gen8,B0,0.00,syn,903000.00,missing,FL,Sampler,Annealing
PS2_FL_Gather4_Bypass,Gen8,B0,32.24,syn,903000.00,yacoub,FL,Sampler,Annealing
PS2_FL_LinearAniso_Else,Gen8,B0,199.24,syn,903000.00,yacoub,FL,Sampler,Annealing
PS2_FL_LinearAniso_Float16,Gen8,B0,139.26,syn,903000.00,yacoub,FL,Sampler,Annealing
PS2_FL_LinearAniso_Float32,Gen8,B0,204.12,syn,903000.00,yacoub,FL,Sampler,Annealing
PS2_FL_LinearFastAniso_Else,Gen8,B0,0.00,syn,903000.00,NIB,FL,Sampler,Annealing
PS2_FL_LinearFastAniso_Float16,Gen8,B0,0.00,syn,903000.00,NIB,FL,Sampler,Annealing
PS2_FL_LinearFastAniso_Float32,Gen8,B0,0.00,syn,903000.00,NIB,FL,Sampler,Annealing
PS2_FL_Nearest_Else,Gen8,B0,0.00,syn,903000.00,"yacoub,missing",FL,Sampler,Annealing
PS2_FL_Nearest_Float16,Gen8,B0,0.00,syn,903000.00,"yacoub,missing",FL,Sampler,Annealing
PS2_FL_Nearest_Float32,Gen8,B0,0.00,syn,903000.00,"yacoub,missing",FL,Sampler,Annealing
PS2_FL_NonLinearAniso_Else,Gen8,B0,239.42,syn,903000.00,yacoub,FL,Sampler,Annealing
PS2_FL_NonLinearAniso_Float16,Gen8,B0,139.65,syn,903000.00,yacoub,FL,Sampler,Annealing
PS2_FL_NonLinearAniso_Float32,Gen8,B0,66.50,syn,903000.00,yacoub,FL,Sampler,Annealing
PS2_FL_NonLinearFastAniso_Else,Gen8,B0,0.00,syn,903000.00,NIB,FL,Sampler,Annealing
PS2_FL_NonLinearFastAniso_Float16,Gen8,B0,0.00,syn,903000.00,NIB,FL,Sampler,Annealing
PS2_FL_NonLinearFastAniso_Float32,Gen8,B0,0.00,syn,903000.00,NIB,FL,Sampler,Annealing
PS2_FL_SampleC_Gather4C,Gen8,B0,57.94,syn,903000.00,yacoub,FL,Sampler,Annealing
PS2_FL_SampleC_Gather4C_Bypass,Gen8,B0,57.94,syn,903000.00,"yacoub, LOOKS WRONG, ASK YACOUB",FL,Sampler,Annealing
PS2_FL_Trilinear_Else,Gen8,B0,196.13,syn,903000.00,yacoub,FL,Sampler,Annealing
PS2_FL_Trilinear_Float16,Gen8,B0,183.67,syn,903000.00,yacoub,FL,Sampler,Annealing
PS2_FL_Trilinear_Float32,Gen8,B0,184.45,syn,903000.00,yacoub,FL,Sampler,Annealing
PS2_FT,Gen8,B0,7.71,syn,92925.00,,FT,Sampler,
PS2_GA,Gen8,A0,0.00,syn,228117.00,,GA,EU,
PS2_GA_EM1Src_FPU1Src_DualPipe_10%,Gen8,B0,52.57,syn,228117.00,,GA,EU,
PS2_GA_EM1Src_FPU1Src_DualPipe_20%,Gen8,B0,57.98,syn,228117.00,,GA,EU,
PS2_GA_EM1Src_FPU1Src_DualPipe_30%,Gen8,B0,64.43,syn,228117.00,,GA,EU,
PS2_GA_EM1Src_FPU1Src_DualPipe_40%,Gen8,B0,71.22,syn,228117.00,,GA,EU,
PS2_GA_EM1Src_FPU1Src_DualPipe_55%,Gen8,B0,69.57,syn,228117.00,,GA,EU,
PS2_GA_EM1Src_FPU2Src_DualPipe_10%,Gen8,B0,64.20,syn,228117.00,,GA,EU,
PS2_GA_EM1Src_FPU2Src_DualPipe_20%,Gen8,B0,68.35,syn,228117.00,,GA,EU,
PS2_GA_EM1Src_FPU2Src_DualPipe_30%,Gen8,B0,70.40,syn,228117.00,,GA,EU,
PS2_GA_EM1Src_FPU2Src_DualPipe_40%,Gen8,B0,76.02,syn,228117.00,,GA,EU,
PS2_GA_EM1Src_FPU2Src_DualPipe_55%,Gen8,B0,76.45,syn,228117.00,,GA,EU,
PS2_GA_EM1Src_FPU3Src_DualPipe_10%,Gen8,B0,75.82,syn,228117.00,,GA,EU,
PS2_GA_EM1Src_FPU3Src_DualPipe_20%,Gen8,B0,78.71,syn,228117.00,,GA,EU,
PS2_GA_EM1Src_FPU3Src_DualPipe_30%,Gen8,B0,76.37,syn,228117.00,,GA,EU,
PS2_GA_EM1Src_FPU3Src_DualPipe_40%,Gen8,B0,80.83,syn,228117.00,,GA,EU,
PS2_GA_EM1Src_FPU3Src_DualPipe_55%,Gen8,B0,83.34,syn,228117.00,,GA,EU,
PS2_GA_EM1Src_SinglePipe_10%,Gen8,B0,40.94,syn,228117.00,,GA,EU,
PS2_GA_EM1Src_SinglePipe_20%,Gen8,B0,47.62,syn,228117.00,,GA,EU,
PS2_GA_EM1Src_SinglePipe_30%,Gen8,B0,58.46,syn,228117.00,,GA,EU,
PS2_GA_EM1Src_SinglePipe_40%,Gen8,B0,66.42,syn,228117.00,,GA,EU,
PS2_GA_EM1Src_SinglePipe_55%,Gen8,B0,62.68,syn,228117.00,,GA,EU,
PS2_GA_EM2Src_FPU1Src_DualPipe_10%,Gen8,B0,61.21,syn,228117.00,,GA,EU,
PS2_GA_EM2Src_FPU1Src_DualPipe_20%,Gen8,B0,68.12,syn,228117.00,,GA,EU,
PS2_GA_EM2Src_FPU1Src_DualPipe_30%,Gen8,B0,77.73,syn,228117.00,,GA,EU,
PS2_GA_EM2Src_FPU1Src_DualPipe_40%,Gen8,B0,89.62,syn,228117.00,,GA,EU,
PS2_GA_EM2Src_FPU1Src_DualPipe_55%,Gen8,B0,89.90,syn,228117.00,,GA,EU,
PS2_GA_EM2Src_FPU2Src_DualPipe_10%,Gen8,B0,72.84,syn,228117.00,,GA,EU,
PS2_GA_EM2Src_FPU2Src_DualPipe_20%,Gen8,B0,78.48,syn,228117.00,,GA,EU,
PS2_GA_EM2Src_FPU2Src_DualPipe_30%,Gen8,B0,83.70,syn,228117.00,,GA,EU,
PS2_GA_EM2Src_FPU2Src_DualPipe_40%,Gen8,B0,94.42,syn,228117.00,,GA,EU,
PS2_GA_EM2Src_FPU2Src_DualPipe_55%,Gen8,B0,96.78,syn,228117.00,,GA,EU,
PS2_GA_EM2Src_FPU3Src_DualPipe_10%,Gen8,B0,84.46,syn,228117.00,,GA,EU,
PS2_GA_EM2Src_FPU3Src_DualPipe_20%,Gen8,B0,88.85,syn,228117.00,,GA,EU,
PS2_GA_EM2Src_FPU3Src_DualPipe_30%,Gen8,B0,89.67,syn,228117.00,,GA,EU,
PS2_GA_EM2Src_FPU3Src_DualPipe_40%,Gen8,B0,99.22,syn,228117.00,,GA,EU,
PS2_GA_EM2Src_FPU3Src_DualPipe_55%,Gen8,B0,103.67,syn,228117.00,,GA,EU,
PS2_GA_EM2Src_SinglePipe_10%,Gen8,B0,49.58,syn,228117.00,,GA,EU,
PS2_GA_EM2Src_SinglePipe_20%,Gen8,B0,57.75,syn,228117.00,,GA,EU,
PS2_GA_EM2Src_SinglePipe_30%,Gen8,B0,71.76,syn,228117.00,,GA,EU,
PS2_GA_EM2Src_SinglePipe_40%,Gen8,B0,84.81,syn,228117.00,,GA,EU,
PS2_GA_EM2Src_SinglePipe_55%,Gen8,B0,83.01,syn,228117.00,,GA,EU,
PS2_GA_EM3Src_FPU1Src_DualPipe_10%,Gen8,B0,69.85,syn,228117.00,,GA,EU,
PS2_GA_EM3Src_FPU1Src_DualPipe_20%,Gen8,B0,78.25,syn,228117.00,,GA,EU,
PS2_GA_EM3Src_FPU1Src_DualPipe_30%,Gen8,B0,91.03,syn,228117.00,,GA,EU,
PS2_GA_EM3Src_FPU1Src_DualPipe_40%,Gen8,B0,108.01,syn,228117.00,,GA,EU,
PS2_GA_EM3Src_FPU1Src_DualPipe_55%,Gen8,B0,110.23,syn,228117.00,,GA,EU,
PS2_GA_EM3Src_FPU2Src_DualPipe_10%,Gen8,B0,81.48,syn,228117.00,,GA,EU,
PS2_GA_EM3Src_FPU2Src_DualPipe_20%,Gen8,B0,88.62,syn,228117.00,,GA,EU,
PS2_GA_EM3Src_FPU2Src_DualPipe_30%,Gen8,B0,97.00,syn,228117.00,,GA,EU,
PS2_GA_EM3Src_FPU2Src_DualPipe_40%,Gen8,B0,112.82,syn,228117.00,,GA,EU,
PS2_GA_EM3Src_FPU2Src_DualPipe_55%,Gen8,B0,117.12,syn,228117.00,,GA,EU,
PS2_GA_EM3Src_FPU3Src_DualPipe_10%,Gen8,B0,93.11,syn,228117.00,,GA,EU,
PS2_GA_EM3Src_FPU3Src_DualPipe_20%,Gen8,B0,98.98,syn,228117.00,,GA,EU,
PS2_GA_EM3Src_FPU3Src_DualPipe_30%,Gen8,B0,102.97,syn,228117.00,,GA,EU,
PS2_GA_EM3Src_FPU3Src_DualPipe_40%,Gen8,B0,117.62,syn,228117.00,,GA,EU,
PS2_GA_EM3Src_FPU3Src_DualPipe_55%,Gen8,B0,124.00,syn,228117.00,,GA,EU,
PS2_GA_EM3Src_SinglePipe_10%,Gen8,B0,58.22,syn,228117.00,,GA,EU,
PS2_GA_EM3Src_SinglePipe_20%,Gen8,B0,67.89,syn,228117.00,,GA,EU,
PS2_GA_EM3Src_SinglePipe_30%,Gen8,B0,85.07,syn,228117.00,,GA,EU,
PS2_GA_EM3Src_SinglePipe_40%,Gen8,B0,103.21,syn,228117.00,,GA,EU,
PS2_GA_EM3Src_SinglePipe_55%,Gen8,B0,103.34,syn,228117.00,,GA,EU,
PS2_GA_FPU1Src_SinglePipe_10%,Gen8,B0,43.93,syn,228117.00,,GA,EU,
PS2_GA_FPU1Src_SinglePipe_20%,Gen8,B0,47.62,syn,228117.00,,GA,EU,
PS2_GA_FPU1Src_SinglePipe_30%,Gen8,B0,51.13,syn,228117.00,,GA,EU,
PS2_GA_FPU1Src_SinglePipe_40%,Gen8,B0,52.82,syn,228117.00,,GA,EU,
PS2_GA_FPU1Src_SinglePipe_55%,Gen8,B0,49.23,syn,228117.00,,GA,EU,
PS2_GA_FPU2Src_SinglePipe_10%,Gen8,B0,55.56,syn,228117.00,,GA,EU,
PS2_GA_FPU2Src_SinglePipe_20%,Gen8,B0,57.75,syn,228117.00,,GA,EU,
PS2_GA_FPU2Src_SinglePipe_30%,Gen8,B0,57.10,syn,228117.00,,GA,EU,
PS2_GA_FPU2Src_SinglePipe_40%,Gen8,B0,57.63,syn,228117.00,,GA,EU,
PS2_GA_FPU2Src_SinglePipe_55%,Gen8,B0,56.12,syn,228117.00,,GA,EU,
PS2_GA_FPU3Src_SinglePipe_10%,Gen8,B0,67.18,syn,228117.00,,GA,EU,
PS2_GA_FPU3Src_SinglePipe_20%,Gen8,B0,67.89,syn,228117.00,,GA,EU,
PS2_GA_FPU3Src_SinglePipe_30%,Gen8,B0,63.07,syn,228117.00,,GA,EU,
PS2_GA_FPU3Src_SinglePipe_40%,Gen8,B0,62.43,syn,228117.00,,GA,EU,
PS2_GA_FPU3Src_SinglePipe_55%,Gen8,B0,63.01,syn,228117.00,,GA,EU,
PS2_GAM,Gen8,A0,204.00,syn,5039978.00,,GAM,GAM,
PS2_GAM_DFX,Gen8,A0,0.00,syn,1.00,,DFX,GAM,
PS2_GAM_DOP,Gen8,A0,0.00,syn,1.00,,DOP,GAM,
PS2_GAM_GLUE,Gen8,A0,0.00,syn,1.00,,GLUE,GAM,
PS2_GAM_SMALL,Gen8,A0,0.00,syn,1.00,,SMALL,GAM,
PS2_GRF_READ,Gen8,B0,19.69,ebb,1.00,,GRF,EU,
PS2_GRF_READ,Gen8LPSoC,B0,5.18,ebb,1.00,,GRF,EU,
PS2_GRF_WRITE,Gen8,B0,19.17,ebb,1.00,,GRF,EU,
PS2_GRF_WRITE,Gen8LPSoC,B0,9.77,ebb,1.00,,GRF,EU,
PS2_GS,Gen8,A0,88.20,syn,674937.00,,GS,FF,
PS2_GS_Cache_Read,Gen8,B0,89.41,ebb,1.00,,GS,FF,
PS2_GS_Cache_Read,Gen8LPSoC,B0,44.63,ebb,1.00,,GS,FF,
PS2_GS_Cache_ReadWrite,Gen8,B0,288.14,ebb,1.00,,GS,FF,
PS2_GS_Cache_ReadWrite,Gen8LPSoC,B0,86.59,ebb,1.00,,GS,FF,
PS2_GS_Cache_Write,Gen8,B0,198.73,ebb,1.00,,GS,FF,
PS2_GS_Cache_Write,Gen8LPSoC,B0,41.96,ebb,1.00,,GS,FF,
PS2_GS_Disabled,Gen8,A0,0.00,syn,674937.00,,GS,FF,
PS2_GS_Enabled,Gen8,A0,45.22,syn,674937.00,,GS,FF,
PS2_GTI_0%,Gen8,A0,230.86,syn ,3053187.00,,GTI,GTI,
PS2_GTI_20%,Gen8,A0,505.33,syn ,3053187.00,,GTI,GTI,
PS2_GTI_40%,Gen8,A0,670.71,syn ,3053187.00,,GTI,GTI,
PS2_GTI_60%,Gen8,A0,852.78,syn ,3053187.00,,GTI,GTI,
PS2_GTI_DOP_1X,Gen8,B0,0.00,syn ,1.00,,DOP1X,GTI,from nevins idle ss
PS2_GTI_DOP_2X,Gen8,B0,265.10,syn ,1.00,,DOP2X,GTI,from nevins idle ss
PS2_GTI_GLUE,Gen8,A0,6.86,syn ,1.00,,GLUE,GTI,
PS2_GWL,Gen8,A0,3.76,syn,167673.00,,GWL,ROSS,
PS2_HDC,Gen8,A0,485.00,syn,2673432.00,from kamal,HDC,HDC,
PS2_HDC_DFX,Gen8,A0,0.00,syn,1.00,,DFX,HDC,
PS2_HDC_DFX,Gen8,A0,0.00,syn,1.00,,DFX,HDC,
PS2_HDC_DOP,Gen8,A0,0.00,syn,1.00,,DOP,HDC,
PS2_HDC_DOP,Gen8,A0,0.00,syn,1.00,,DOP,HDC,
PS2_HDC_GLUE,Gen8,A0,0.00,syn,1.00,,GLUE,HDC,
PS2_HDC_GLUE,Gen8,A0,0.00,syn,1.00,,GLUE,HDC,
PS2_HDC_ReqCmd1,Gen8,A0,66.00,syn,1352354.00,,ReqCmd1,HDC,
PS2_HDC_ReqCmd2,Gen8,A0,140.18,syn,1352354.00,,ReqCmd2,HDC,
PS2_HDC_ReqData,Gen8,A0,238.00,syn,4300000.00,,HDC_ReqData,HDC,
PS2_HDC_Ret,Gen8,A0,219.15,syn,1160000.00,,HDC_Ret,HDC,
PS2_HDC_SMALL,Gen8,A0,0.00,syn,1.00,,SMALL,HDC,
PS2_HDCTLB,Gen8,A0,26.59,syn,1260000.00,,HDCTLB,HDC,
PS2_HIZ,Gen8,A0,103.30,syn,1791810.00,not used,HIZ,Z,
PS2_HIZ_CACHE_READ,Gen8,B0,10.42,ebb,1.00,,HIZ,Z,
PS2_HIZ_CACHE_READ,Gen8LPSoC,B0,14.44,ebb,1.00,,HIZ,Z,
PS2_HIZ_CACHE_WRITE,Gen8,B0,12.73,ebb,1.00,,HIZ,Z,
PS2_HIZ_CACHE_WRITE,Gen8LPSoC,B0,28.03,ebb,1.00,,HIZ,Z,
PS2_HIZ_DIS,Gen8,A0,152.28,syn,1791810.00,not used,HIZ,Z,
PS2_HIZ_EN_STCONLY_AMBIG,Gen8,A0,162.88,syn,1791810.00,not used,HIZ,Z,
PS2_HIZ_EN_STCONLY_FAIL,Gen8,A0,153.05,syn,1791810.00,not used,HIZ,Z,
PS2_HIZ_EN_ZONLY_Accept_AMBIG,Gen8,A0,159.06,syn,1791810.00,not used,HIZ,Z,
PS2_HIZ_EN_ZONLY_FAIL,Gen8,A0,148.77,syn,1791810.00,not used,HIZ,Z,
PS2_HIZ_EN_ZSTC_Accept_AMBIG,Gen8,A0,202.19,syn,1791810.00,not used,HIZ,Z,
PS2_HIZ_EN_ZSTC_FAIL,Gen8,A0,69.13,syn,1791810.00,not used,HIZ,Z,
PS2_HIZ_FULLYLIT,Gen8,A0,159.75,syn,1791810.00,not used,HIZ,Z,
PS2_HIZ_LATFIFO_READ,Gen8,B0,26.17,ebb,1.00,,HIZ,Z,
PS2_HIZ_LATFIFO_READ,Gen8LPSoC,B0,12.71,ebb,1.00,,HIZ,Z,
PS2_HIZ_LATFIFO_WRITE,Gen8,B0,56.59,ebb,1.00,,HIZ,Z,
PS2_HIZ_LATFIFO_WRITE,Gen8LPSoC,B0,15.66,ebb,1.00,,HIZ,Z,
PS2_HIZ_PARTIALLYLIT,Gen8,A0,150.28,syn,1791810.00,not used,HIZ,Z,
PS2_HIZ_RAWSTALLEN,Gen8,A0,114.97,syn,1791810.00,not used,HIZ,Z,
PS2_HIZ_RESOLVE,Gen8,A0,167.06,syn,1791810.00,not used,HIZ,Z,
PS2_HIZ_ZMARKERS,Gen8,A0,19.67,syn,1791810.00,not used,HIZ,Z,
PS2_HS_Cache_Read,Gen8,B0,9.00,ebb,1.00,,HS,FF,
PS2_HS_Cache_Read,Gen8LPSoC,B0,4.49,ebb,1.00,,HS,FF,
PS2_HS_Cache_ReadWrite,Gen8,B0,29.02,ebb,1.00,,HS,FF,
PS2_HS_Cache_ReadWrite,Gen8LPSoC,B0,8.73,ebb,1.00,,HS,FF,
PS2_HS_Cache_Write,Gen8,B0,20.02,ebb,1.00,,HS,FF,
PS2_HS_Cache_Write,Gen8LPSoC,B0,4.23,ebb,1.00,,HS,FF,
PS2_HS_Disabled,Gen8,A0,19.37,syn,292185.00,,HS,FF,
PS2_HS_Enabled,Gen8,A0,40.83,syn,292185.00,,HS,FF,
PS2_IC,Gen8,A0,24.30,syn,289269.00,,IC,ROSS,
PS2_IC_DATARAM_FRONTBUFFER_READ,Gen8,B0,39.62,ebb,1.00,,IC,ROSS,same as PS2_IC_DATARAM_READ
PS2_IC_DATARAM_FRONTBUFFER_READ,Gen8LPSoC,B0,82.28,ebb,1.00,,IC,ROSS,
PS2_IC_DATARAM_READ,Gen8,B0,39.62,ebb,1.00,,IC,ROSS,
PS2_IC_DATARAM_READ,Gen8LPSoC,B0,42.28,ebb,1.00,,IC,ROSS,
PS2_IC_DATARAM_WRITE,Gen8,B0,86.28,ebb,1.00,,IC,ROSS,
PS2_IC_DATARAM_WRITE,Gen8LPSoC,B0,82.28,ebb,1.00,,IC,ROSS,
PS2_IZ,Gen8,A0,70.43,syn,1132263.00,,IZ,Z,
PS2_IZ_BARYCOEFFIFO_READ,Gen8,B0,15.67,ebb,1.00,,IZ,Z,
PS2_IZ_BARYCOEFFIFO_READ,Gen8LPSoC,B0,7.62,ebb,1.00,,IZ,Z,
PS2_IZ_BARYCOEFFIFO_WRITE,Gen8,B0,33.71,ebb,1.00,,IZ,Z,
PS2_IZ_BARYCOEFFIFO_WRITE,Gen8LPSoC,B0,9.34,ebb,1.00,,IZ,Z,
PS2_IZ_EN_CMP,Gen8,A0,70.43,syn,1132263.00,,IZ,Z,
PS2_IZ_EN_EXP,Gen8,A0,70.43,syn,1132263.00,,IZ,Z,
PS2_IZ_EN_UNCMP_DEPTHPRESENT,Gen8,A0,70.43,syn,1132263.00,,IZ,Z,
PS2_IZ_EN_UNCMP_NODEPTHPRESENT,Gen8,A0,70.43,syn,1132263.00,,IZ,Z,
PS2_IZ_LATFIFO_READ,Gen8,B0,19.94,ebb,1.00,,IZ,Z,
PS2_IZ_LATFIFO_READ,Gen8LPSoC,B0,8.47,ebb,1.00,,IZ,Z,
PS2_IZ_LATFIFO_WRITE,Gen8,B0,43.12,ebb,1.00,,IZ,Z,
PS2_IZ_LATFIFO_WRITE,Gen8LPSoC,B0,10.44,ebb,1.00,,IZ,Z,
PS2_IZ_POLYFIFO_READ,Gen8,B0,25.19,ebb,1.00,,IZ,Z,
PS2_IZ_POLYFIFO_READ,Gen8LPSoC,B0,8.73,ebb,1.00,,IZ,Z,
PS2_IZ_POLYFIFO_WRITE,Gen8,B0,54.57,ebb,1.00,,IZ,Z,
PS2_IZ_POLYFIFO_WRITE,Gen8LPSoC,B0,10.80,ebb,1.00,,IZ,Z,
PS2_IZ_WCOEFFIFO_READ,Gen8,B0,7.54,ebb,1.00,,IZ,Z,
PS2_IZ_WCOEFFIFO_READ,Gen8LPSoC,B0,3.68,ebb,1.00,,IZ,Z,
PS2_IZ_WCOEFFIFO_WRITE,Gen8,B0,16.19,ebb,1.00,,IZ,Z,
PS2_IZ_WCOEFFIFO_WRITE,Gen8LPSoC,B0,4.52,ebb,1.00,,IZ,Z,
PS2_IZ_ZCOEFFFIFO_READ,Gen8,B0,0.00,ebb,1132263.00,,IZ,Z,
PS2_IZ_ZCOEFFFIFO_READ,Gen8LPSoC,B0,0.00,ebb,1132263.00,,IZ,Z,
PS2_IZ_ZCOEFFFIFO_WRITE,Gen8,B0,0.00,ebb,1132263.00,,IZ,Z,
PS2_IZ_ZCOEFFFIFO_WRITE,Gen8LPSoC,B0,0.00,ebb,1132263.00,,IZ,Z,
PS2_IZ_ZMARKERS,Gen8,A0,70.43,syn,1132263.00,,IZ,Z,
PS2_L3_Bank_DFX,Gen8,A0,0.00,syn,1.00,SAME AS glue cdynwt,DFX,L3_Bank,
PS2_L3_Bank_DOP,Gen8,B0,32.66,syn,1.00,,DOP,L3_Bank,from nevins idle ss
PS2_L3_Bank_GLUE,Gen8,A0,15.72,syn,26663.00,,GLUE,L3_Bank,
PS2_L3_Bank_SMALL,Gen8,A0,39.49,syn,169468.00,,SMALL,L3_Bank,
PS2_L3BankOther,Gen8,A0,36.90,syn,186760.00,,L3BankOther,L3_Bank,
PS2_LNE,Gen8,A0,217.52,syn,467244.00,bdw,LNE,L3_Bank,
PS2_LNEXS,Gen8,A0,190.31,syn,1.00,,LNEXS,L3_Bank,
PS2_LNI,Gen8,A0,217.52,syn,780922.00,,LNI,L3_Bank,
PS2_LNIXS,Gen8,A0,139.38,syn,1.00,,LNIXS,L3_Bank,
PS2_LSLM_Atomics,Gen8,A0,53.08,syn,157255.00,,LSLM,L3_Bank,
PS2_LSLM_NonAtomics,Gen8,A0,42.30,syn,157255.00,,LSLM,L3_Bank,
PS2_LSQC,Gen8,A0,43.53,syn,305173.00,,LSQC,L3_Bank,
PS2_LSQD_atomics,Gen8,A0,122.87,syn,293227.00,,LSQD,L3_Bank,
PS2_LSQD_nonatomics,Gen8,A0,106.02,syn,293227.00,,LSQD,L3_Bank,
PS2_LTCC,Gen8,A0,0.00,syn,17293.00,missing too small,LTCC,L3_Bank,
PS2_LTCD_Data_NonSLM_ECC_NoTagRead,Gen8,A0,113.62,syn,816442.00,,LTCD,L3_Bank,
PS2_LTCD_Data_NonSLM_ECC_NoTagWrite,Gen8,A0,113.62,syn,816442.00,,LTCD,L3_Bank,
PS2_LTCD_Data_NonSLM_ECC_TagRead,Gen8,A0,120.00,syn,816442.00,,LTCD,L3_Bank,
PS2_LTCD_Data_NonSLM_ECC_TagWrite,Gen8,A0,120.00,syn,816442.00,,LTCD,L3_Bank,
PS2_LTCD_Data_SLM_ECC_NoTagRead,Gen8,A0,80.15,syn,816442.00,,LTCD,L3_Bank,
PS2_LTCD_Data_SLM_ECC_NoTagWrite,Gen8,A0,80.15,syn,816442.00,,LTCD,L3_Bank,
PS2_LTCD_EBB_HB_Read,Gen8,B0,172.42,ebb,1.00,,LTCD,L3_Bank,PS2_L3Bank_LTCD_4KDataRam_READ
PS2_LTCD_EBB_HB_Read,Gen8LPSoC,B0,105.16,ebb,1.00,,LTCD,L3_Bank,PS2_L3Bank_LTCD_4KDataRam_READ
PS2_LTCD_EBB_HB_Write,Gen8,B0,293.73,ebb,1.00,,LTCD,L3_Bank,PS2_L3Bank_LTCD_4KDataRam_WRITE
PS2_LTCD_EBB_HB_Write,Gen8LPSoC,B0,201.02,ebb,1.00,,LTCD,L3_Bank,PS2_L3Bank_LTCD_4KDataRam_WRITE
PS2_LTCD_EBB_Read,Gen8,B0,144.77,ebb,1.00,,LTCD,L3_Bank,PS2_L3Bank_LTCD_16KDataRam_READ
PS2_LTCD_EBB_Read,Gen8LPSoC,B0,113.54,ebb,1.00,,LTCD,L3_Bank,PS2_L3Bank_LTCD_16KDataRam_READ
PS2_LTCD_EBB_Write,Gen8,B0,203.48,ebb,1.00,,LTCD,L3_Bank,PS2_L3Bank_LTCD_16KDataRam_WRITE
PS2_LTCD_EBB_Write,Gen8LPSoC,B0,202.88,ebb,1.00,,LTCD,L3_Bank,PS2_L3Bank_LTCD_16KDataRam_WRITE
PS2_LTCD_Tag_NonSLM_ECC_TagRead,Gen8,A0,120.00,syn,816442.00,,LTCD,L3_Bank,
PS2_LTCD_Tag_NonSLM_ECC_TagWrite,Gen8,A0,120.00,syn,816442.00,,LTCD,L3_Bank,
PS2_MA_IN,Gen8,A0,22.70,syn,151624.00,,MA_IN,ROSS,
PS2_MA_OUT,Gen8,A0,0.90,syn,151624.00,,MA_OUT,ROSS,
PS2_Media,Gen8,B0,0.00,syn,3343545.00,,Media,Sampler,
PS2_MSC,Gen8,A0,22.41,syn,375000.00,,MSC,COLOR,
PS2_MSC_CACHE_READ,Gen8,B0,52.11,ebb,1.00,,MSC,COLOR,
PS2_MSC_CACHE_READ,Gen8LPSoC,B0,24.93,ebb,1.00,,MSC,COLOR,
PS2_MSC_CACHE_WRITE,Gen8,B0,64.09,ebb,1.00,,MSC,COLOR,
PS2_MSC_CACHE_WRITE,Gen8LPSoC,B0,31.36,ebb,1.00,,MSC,COLOR,
PS2_MSC_MSAA_DATA,Gen8,A0,22.41,syn,375000.00,,MSC,COLOR,
PS2_MSC_NOMSAA_CLEARRESOLVE,Gen8,A0,22.41,syn,375000.00,,MSC,COLOR,
PS2_MSC_NOMSAA_DATA,Gen8,A0,67.23,syn,375000.00,"THREE TIMES OF MSAA, guidance from skl cdynwts",MSC,COLOR,
PS2_MT,Gen8,B0,49.53,syn,353223.00,"made equal to mt_tile_y, not used",MT,Sampler,Annealing
PS2_MT_BYPASS,Gen8,B0,0.00,syn,353223.00,NIB,MT,Sampler,Annealing
PS2_MT_DataRam_READ,Gen8,B0,20.48,ebb,1.00,,MT,Sampler,Annealing
PS2_MT_DataRam_READ,Gen8LPSoC,B0,9.86,ebb,1.00,,MT,Sampler,Annealing
PS2_MT_DataRam_READWRITE,Gen8,B0,50.12,ebb,1.00,,MT,Sampler,Annealing
PS2_MT_DataRam_READWRITE,Gen8LPSoC,B0,24.58,ebb,1.00,,MT,Sampler,Annealing
PS2_MT_DataRam_WRITE,Gen8,B0,29.64,ebb,1.00,,MT,Sampler,Annealing
PS2_MT_DataRam_WRITE,Gen8LPSoC,B0,14.73,ebb,1.00,,MT,Sampler,Annealing
PS2_MT_LatFifo_READ,Gen8,B0,7.81,ebb,1.00,,MT,Sampler,Annealing
PS2_MT_LatFifo_READ,Gen8LPSoC,B0,4.35,ebb,1.00,,MT,Sampler,Annealing
PS2_MT_LatFifo_READWRITE,Gen8,B0,25.67,ebb,1.00,,MT,Sampler,Annealing
PS2_MT_LatFifo_READWRITE,Gen8LPSoC,B0,12.44,ebb,1.00,,MT,Sampler,Annealing
PS2_MT_LatFifo_WRITE,Gen8,B0,17.86,ebb,1.00,,MT,Sampler,Annealing
PS2_MT_LatFifo_WRITE,Gen8LPSoC,B0,8.09,ebb,1.00,,MT,Sampler,Annealing
PS2_MT_Tile_else,Gen8,B0,49.53,syn,353223.00,made equal to mt_tile_y,MT,Sampler,Annealing
PS2_MT_Tile_X,Gen8,B0,0.00,syn,353223.00,NIB,MT,Sampler,Annealing
PS2_MT_Tile_Y,Gen8,B0,49.53,syn,353223.00,yacoub,MT,Sampler,Annealing
PS2_OACS,Gen8,A0,0.00,syn,1.00,,OACS,FF,
PS2_PL_Bilinear,Gen8,B0,132.20,syn,499872.00,yacoub,PL,Sampler,Annealing
PS2_PL_Bilinear_EWA,Gen8,B0,137.53,syn,499873.00,yacoub,PL,Sampler,Annealing
PS2_PL_Else,Gen8,B0,132.20,syn,499880.00,yacoub,PL,Sampler,Annealing
PS2_PL_Gather4PO,Gen8,B0,132.20,syn,499869.00,"made equal to PS2_PL_Gather4, yacoub; Gather4PO NIB",PL,Sampler,Annealing
PS2_PL_Gather4PO,Gen8,B0,49.03,syn,499870.00,yacoub,PL,Sampler,Annealing
PS2_PL_LD,Gen8,B0,67.98,syn,499871.00,yacoub,PL,Sampler,Annealing
PS2_PL_LinearAniso,Gen8,B0,0.00,syn,499876.00,NIB,PL,Sampler,Annealing
PS2_PL_LinearAniso_EWA,Gen8,B0,99.88,syn,499877.00,yacoub,PL,Sampler,Annealing
PS2_PL_NonLinearAniso,Gen8,B0,0.00,syn,499878.00,NIB,PL,Sampler,Annealing
PS2_PL_NonLinearAniso_EWA,Gen8,B0,163.78,syn,499879.00,yacoub,PL,Sampler,Annealing
PS2_PL_Sample_L,Gen8,B0,50.30,syn,499869.00,yacoub,PL,Sampler,Annealing
PS2_PL_Trilinear,Gen8,B0,85.08,syn,499874.00,yacoub,PL,Sampler,Annealing
PS2_PL_Trilinear_EWA,Gen8,B0,87.58,syn,499875.00,yacoub,PL,Sampler,Annealing
PS2_PSD,Gen8,A0,67.94,syn,606024.00,,PSD,ROSS,
PS2_PSD_BARYPAYLDASMRAM_READ,Gen8,B0,7.81,ebb,1.00,,PSD,ROSS,
PS2_PSD_BARYPAYLDASMRAM_READ,Gen8LPSoC,B0,3.49,ebb,1.00,,PSD,ROSS,
PS2_PSD_BARYPAYLDASMRAM_WRITE,Gen8,B0,7.77,ebb,1.00,,PSD,ROSS,
PS2_PSD_BARYPAYLDASMRAM_WRITE,Gen8LPSoC,B0,5.28,ebb,1.00,,PSD,ROSS,
PS2_PSD_NOTHREADDISPATCH,Gen8,A0,67.94,syn,606024.00,,PSD,ROSS,
PS2_PSD_SCOREBOARD_READ,Gen8,B0,7.42,ebb,1.00,,PSD,ROSS,
PS2_PSD_SCOREBOARD_READ,Gen8LPSoC,B0,1.22,ebb,1.00,,PSD,ROSS,
PS2_PSD_SCOREBOARD_WRITE,Gen8,B0,8.50,ebb,1.00,,PSD,ROSS,
PS2_PSD_SCOREBOARD_WRITE,Gen8LPSoC,B0,2.21,ebb,1.00,,PSD,ROSS,
PS2_PSD_THREADDISPATCH,Gen8,A0,67.94,syn,606024.00,,PSD,ROSS,
PS2_PSD_WAITINGONFLUSH,Gen8,A0,67.94,syn,606024.00,,PSD,ROSS,
PS2_RCC_ALLOC_HITS,Gen8,A0,76.00,syn,724464.00,,RCC,COLOR,
PS2_RCC_ALLOC_MISSES,Gen8,A0,51.91,syn,724464.00,,RCC,COLOR,
PS2_RCC_CACHE_READ,Gen8,B0,12.70,ebb,1.00,,RCC,COLOR,
PS2_RCC_CACHE_READ,Gen8LPSoC,B0,27.59,ebb,1.00,,RCC,COLOR,
PS2_RCC_CACHE_WRITE,Gen8,B0,27.09,ebb,1.00,,RCC,COLOR,
PS2_RCC_CACHE_WRITE,Gen8LPSoC,B0,53.29,ebb,1.00,,RCC,COLOR,
PS2_RCPBCOM_2PPC_BLD,Gen8,A0,101.15,syn,1059930.00,,RCPBCOM,COLOR,
PS2_RCPBCOM_2PPC_WRT,Gen8,A0,101.15,syn,1059930.00,,RCPBCOM,COLOR,
PS2_RCPBCOM_4PPC_BLD,Gen8,A0,101.15,syn,1059930.00,,RCPBCOM,COLOR,
PS2_RCPBCOM_4PPC_WRT,Gen8,A0,101.15,syn,1059930.00,,RCPBCOM,COLOR,
PS2_RCPBCOM_8PPC_BLD,Gen8,A0,101.15,syn,1059930.00,,RCPBCOM,COLOR,
PS2_RCPBCOM_8PPC_WRT,Gen8,A0,101.15,syn,1059930.00,,RCPBCOM,COLOR,
PS2_RCPBCOM_RTR,Gen8,A0,101.15,syn,1059930.00,,RCPBCOM,COLOR,
PS2_RCPBE,Gen8,A0,203.45,syn,1.00,,RCPBE,COLOR,
PS2_RCPBPIX_2PPC_BLD,Gen8,A0,101.15,syn,1170000.00,,RCPBPIX,COLOR,
PS2_RCPBPIX_2PPC_WRT,Gen8,A0,101.15,syn,1170000.00,,RCPBPIX,COLOR,
PS2_RCPBPIX_4PPC_BLD,Gen8,A0,101.15,syn,1170000.00,,RCPBPIX,COLOR,
PS2_RCPBPIX_4PPC_WRT,Gen8,A0,101.15,syn,1170000.00,,RCPBPIX,COLOR,
PS2_RCPBPIX_8PPC_BLD,Gen8,A0,101.15,syn,1170000.00,,RCPBPIX,COLOR,
PS2_RCPBPIX_8PPC_WRT,Gen8,A0,101.15,syn,1170000.00,,RCPBPIX,COLOR,
PS2_RCPFE,Gen8,A0,65.60,syn,674703.00,,RCPFE,COLOR,
PS2_RCPFE_2PPC_BLD_NOZ,Gen8,A0,65.60,syn,674703.00,,RCPFE,COLOR,
PS2_RCPFE_2PPC_BLD_ZFAIL,Gen8,A0,65.60,syn,674703.00,,RCPFE,COLOR,
PS2_RCPFE_2PPC_BLD_ZPASS,Gen8,A0,65.60,syn,674703.00,,RCPFE,COLOR,
PS2_RCPFE_2PPC_WRT_NOZ,Gen8,A0,65.60,syn,674703.00,,RCPFE,COLOR,
PS2_RCPFE_2PPC_WRT_ZFAIL,Gen8,A0,65.60,syn,674703.00,,RCPFE,COLOR,
PS2_RCPFE_2PPC_WRT_ZPASS,Gen8,A0,65.60,syn,674703.00,,RCPFE,COLOR,
PS2_RCPFE_4PPC_BLD_NOZ,Gen8,A0,65.60,syn,674703.00,,RCPFE,COLOR,
PS2_RCPFE_4PPC_BLD_ZFAIL,Gen8,A0,65.60,syn,674703.00,,RCPFE,COLOR,
PS2_RCPFE_4PPC_BLD_ZPASS,Gen8,A0,65.60,syn,674703.00,,RCPFE,COLOR,
PS2_RCPFE_4PPC_WRT_NOZ,Gen8,A0,65.60,syn,674703.00,,RCPFE,COLOR,
PS2_RCPFE_4PPC_WRT_ZFAIL,Gen8,A0,65.60,syn,674703.00,,RCPFE,COLOR,
PS2_RCPFE_4PPC_WRT_ZPASS,Gen8,A0,65.60,syn,674703.00,,RCPFE,COLOR,
PS2_RCPFE_8PPC_BLD_NOZ,Gen8,A0,65.60,syn,674703.00,,RCPFE,COLOR,
PS2_RCPFE_8PPC_BLD_ZFAIL,Gen8,A0,65.60,syn,674703.00,,RCPFE,COLOR,
PS2_RCPFE_8PPC_BLD_ZPASS,Gen8,A0,65.60,syn,674703.00,,RCPFE,COLOR,
PS2_RCPFE_8PPC_WRT_NOZ,Gen8,A0,65.60,syn,674703.00,,RCPFE,COLOR,
PS2_RCPFE_8PPC_WRT_ZFAIL,Gen8,A0,65.60,syn,674703.00,,RCPFE,COLOR,
PS2_RCPFE_8PPC_WRT_ZPASS,Gen8,A0,65.60,syn,674703.00,,RCPFE,COLOR,
PS2_RCPFE_COLORLATFIFO_READ,Gen8,B0,57.66,ebb,1.00,,RCPFE,COLOR,
PS2_RCPFE_COLORLATFIFO_READ,Gen8LPSoC,B0,15.85,ebb,1.00,,RCPFE,COLOR,
PS2_RCPFE_COLORLATFIFO_WRITE,Gen8,B0,125.34,ebb,1.00,,RCPFE,COLOR,
PS2_RCPFE_COLORLATFIFO_WRITE,Gen8LPSoC,B0,30.86,ebb,1.00,,RCPFE,COLOR,
PS2_RCPFE_MCSLATFIFO_READ,Gen8,B0,13.03,ebb,1.00,,RCPFE,COLOR,
PS2_RCPFE_MCSLATFIFO_READ,Gen8LPSoC,B0,5.18,ebb,1.00,,RCPFE,COLOR,
PS2_RCPFE_MCSLATFIFO_WRITE,Gen8,B0,16.02,ebb,1.00,,RCPFE,COLOR,
PS2_RCPFE_MCSLATFIFO_WRITE,Gen8LPSoC,B0,6.23,ebb,1.00,,RCPFE,COLOR,
PS2_RCPFE_RCCLATFIFO_READ,Gen8,B0,3.91,ebb,1.00,,RCPFE,COLOR,
PS2_RCPFE_RCCLATFIFO_READ,Gen8LPSoC,B0,2.59,ebb,1.00,,RCPFE,COLOR,
PS2_RCPFE_RCCLATFIFO_WRITE,Gen8,B0,5.11,ebb,1.00,,RCPFE,COLOR,
PS2_RCPFE_RCCLATFIFO_WRITE,Gen8LPSoC,B0,3.11,ebb,1.00,,RCPFE,COLOR,
PS2_RCPFE_RTR,Gen8,A0,65.60,syn,674703.00,,RCPFE,COLOR,
PS2_RCZ,Gen8,A0,62.84,syn,1071972.00,,RCZ,Z,
PS2_RCZ_ALLOC_HITS,Gen8,A0,62.84,syn,1071972.00,,RCZ,Z,
PS2_RCZ_ALLOC_MISSES,Gen8,A0,62.84,syn,1071972.00,,RCZ,Z,
PS2_RCZ_CACHE_READ,Gen8,B0,11.28,ebb,1.00,,RCZ,Z,
PS2_RCZ_CACHE_READ,Gen8LPSoC,B0,24.24,ebb,1.00,,RCZ,Z,
PS2_RCZ_CACHE_WRITE,Gen8,B0,30.05,ebb,1.00,,RCZ,Z,
PS2_RCZ_CACHE_WRITE,Gen8LPSoC,B0,35.06,ebb,1.00,,RCZ,Z,
PS2_ROSC_DFX,Gen8,A0,0.00,syn,1.00,,DFX,ROSC,
PS2_ROSC_DOP,Gen8,B0,334.46,syn,1.00,,DOP,ROSC,from nevins idle ss
PS2_ROSC_GLUE,Gen8,A0,77.72,syn,1.00,,GLUE,ROSC,
PS2_ROSC_SMALL,Gen8,A0,198.42,syn,661698.00,,SMALL,ROSC,
PS2_ROSS_DFX,Gen8,A0,0.00,syn,1.00,,DFX,ROSS,
PS2_ROSS_DOP,Gen8,B0,69.59,syn,1.00,,DOP,ROSS,from nevins idle ss
PS2_ROSS_GLUE,Gen8,A0,54.59,syn,1.00,,GLUE,ROSS,
PS2_ROSS_SMALL,Gen8,A0,21.53,syn,215874.00,,SMALL,ROSS,
PS2_RoutingChannel ,Gen8,A0,2525.49,syn,1.00,,RoutingChannel ,Other,
PS2_RS,Gen8,A0,0.00,syn,285426.00,,RS,FF,
PS2_Sampler_GLUE,Gen8,B0,0.00,syn,1.00,,GLUE,Sampler,
PS2_SARB,Gen8,A0,23.34,syn,195102.00,,SARB,FF,
PS2_SBE,Gen8,A0,38.44,syn,1226664.00,,SBE,ROSC,
PS2_SC_Bilinear_Trilinear_Aniso,Gen8,B0,118.37,syn,391284.00,yacoub,SC,Sampler,Annealing
PS2_SC_DataRam_READ,Gen8,B0,81.91,ebb,1.00,,SC,Sampler,
PS2_SC_DataRam_READ,Gen8LPSoC,B0,39.43,ebb,1.00,,SC,Sampler,
PS2_SC_DataRam_WRITE,Gen8,B0,118.55,ebb,1.00,,SC,Sampler,
PS2_SC_DataRam_WRITE,Gen8LPSoC,B0,58.91,ebb,1.00,,SC,Sampler,
PS2_SC_Else,Gen8,B0,118.37,syn,391284.00,"missing, made equal to bilinear",SC,Sampler,Annealing
PS2_SC_FastLinear,Gen8,B0,205.14,syn,391284.00,yacoub,SC,Sampler,Annealing
PS2_SC_LatFifo_READ,Gen8,B0,22.16,ebb,1.00,,SC,Sampler,
PS2_SC_LatFifo_READ,Gen8LPSoC,B0,12.68,ebb,1.00,,SC,Sampler,
PS2_SC_LatFifo_WRITE,Gen8,B0,57.10,ebb,1.00,,SC,Sampler,
PS2_SC_LatFifo_WRITE,Gen8LPSoC,B0,26.72,ebb,1.00,,SC,Sampler,
PS2_SC_LineaFastAniso,Gen8,B0,0.00,syn,391284.00,NIB,SC,Sampler,Annealing
PS2_SC_NearestMode_128BPT,Gen8,B0,268.12,syn,391284.00,yacoub,SC,Sampler,Annealing
PS2_SC_NearestMode_32BPT,Gen8,B0,154.47,syn,391284.00,yacoub,SC,Sampler,Annealing
PS2_SC_NearestMode_64BPT,Gen8,B0,194.38,syn,391284.00,yacoub,SC,Sampler,Annealing
PS2_SC_NonLineaFastAniso,Gen8,B0,0.00,syn,391284.00,NIB,SC,Sampler,Annealing
PS2_SDE_Culled,Gen8,A0,0.00,syn,66852.00,,SDE,FF,
PS2_SDE_NotCulled,Gen8,A0,0.00,syn,66852.00,,SDE,FF,
PS2_SF_Culled,Gen8,A0,21.12,syn,1163781.00,,SF,FF,
PS2_SF_NotCulled_FastClip,Gen8,A0,96.73,syn,1163781.00,,SF,FF,
PS2_SF_NotCulled_NotFastClip,Gen8,A0,96.73,syn,1163781.00,,SF,FF,
PS2_SI_ANYPIXELMODE,Gen8,B0,52.53,syn,361368.00,yacoub,SI,Sampler,Annealing
PS2_SO_ANYPIXELMODE,Gen8,B0,42.98,syn,113004.00,,SO,Sampler,
PS2_SOL_Cache_Read,Gen8,B0,4.54,ebb,1.00,,SOL,FF,
PS2_SOL_Cache_Read,Gen8LPSoC,B0,1.54,ebb,1.00,,SOL,FF,
PS2_SOL_Cache_ReadWrite,Gen8,B0,9.16,ebb,1.00,,SOL,FF,
PS2_SOL_Cache_ReadWrite,Gen8LPSoC,B0,4.49,ebb,1.00,,SOL,FF,
PS2_SOL_Cache_Write,Gen8,B0,4.62,ebb,1.00,,SOL,FF,
PS2_SOL_Cache_Write,Gen8LPSoC,B0,2.95,ebb,1.00,,SOL,FF,
PS2_SOL_Disabled,Gen8,A0,10.68,syn,247815.00,,SOL,FF,
PS2_SOL_Enabled,Gen8,A0,42.05,syn,247815.00,,SOL,FF,
PS2_ST_1Bank_Enable,Gen8,B0,41.20,syn,371000.00,yacoub,ST,Sampler,Annealing
PS2_ST_Any_Bank_Enable,Gen8,B0,123.70,syn,371000.00,yacoub,ST,Sampler,Annealing
PS2_STC,Gen8,A0,75.96,syn,705438.00,,STC,Z,
PS2_STC_ALLOC_HITS,Gen8,A0,75.96,syn,705438.00,,STC,Z,
PS2_STC_ALLOC_MISSES,Gen8,A0,75.96,syn,705438.00,,STC,Z,
PS2_STC_CACHE_READ,Gen8,B0,12.95,ebb,1.00,,STC,Z,
PS2_STC_CACHE_READ,Gen8LPSoC,B0,17.96,ebb,1.00,,STC,Z,
PS2_STC_CACHE_WRITE,Gen8,B0,13.32,ebb,1.00,,STC,Z,
PS2_STC_CACHE_WRITE,Gen8LPSoC,B0,22.12,ebb,1.00,,STC,Z,
PS2_SVG,Gen8,A0,10.64,syn,69714.00,,SVG,FF,
PS2_SVL,Gen8,A0,8.12,syn,103410.00,,SVL,ROSC,
PS2_SVSM,Gen8,B0,16.60,syn,154170.00,,SVSM,Sampler,
PS2_TC,Gen8,A0,25.81,syn,479003.00,,TC,EU,
PS2_TDC,Gen8,A0,0.00,syn,188379.00,,TDC,ROSC,
PS2_TDG,Gen8,A0,14.02,syn,153333.00,,TDG,FF,
PS2_TDL_NONPSDDISPATCH,Gen8,A0,15.89,syn,426672.00,,TDL,ROSS,
PS2_TDL_PSDDISPATCH,Gen8,A0,15.89,syn,426672.00,,TDL,ROSS,
PS2_TDS_Cache_Read,Gen8,B0,15.44,ebb,1.00,,TDS,FF,
PS2_TDS_Cache_Read,Gen8LPSoC,B0,8.84,ebb,1.00,,TDS,FF,
PS2_TDS_Cache_ReadWrite,Gen8,B0,53.26,ebb,1.00,,TDS,FF,
PS2_TDS_Cache_ReadWrite,Gen8LPSoC,B0,25.00,ebb,1.00,,TDS,FF,
PS2_TDS_Cache_Write,Gen8,B0,37.82,ebb,1.00,,TDS,FF,
PS2_TDS_Cache_Write,Gen8LPSoC,B0,16.17,ebb,1.00,,TDS,FF,
PS2_TDS_Disabled,Gen8,A0,113.80,syn,719541.00,,TDS,FF,
PS2_TDS_Enabled,Gen8,A0,129.15,syn,719541.00,,TDS,FF,
PS2_TE_Disabled,Gen8,A0,13.00,syn,101061.00,,TE,FF,
PS2_TE_Enabled,Gen8,A0,36.87,syn,101061.00,,TE,FF,
PS2_TSG,Gen8,A0,20.61,syn,379692.00,,TSG,FF,
PS2_URBM,Gen8,A0,25.38,syn,172710.00,,URBM,FF,
PS2_VF,Gen8,A0,146.17,syn,1584422.00,,VF,FF,
PS2_VF_Cache_Read,Gen8,B0,5.80,ebb,1.00,,VF,FF,
PS2_VF_Cache_Read,Gen8LPSoC,B0,1.39,ebb,1.00,,VF,FF,
PS2_VF_Cache_Write,Gen8,B0,6.37,ebb,1.00,,VF,FF,
PS2_VF_Cache_Write,Gen8LPSoC,B0,1.16,ebb,1.00,,VF,FF,
PS2_VF_Control,Gen8,A0,146.17,syn,1584422.00,,VF,FF,
PS2_VF_Dropped,Gen8,A0,146.17,syn,1584422.00,,VF,FF,
PS2_VF_Indexed,Gen8,A0,146.17,syn,1584422.00,,VF,FF,
PS2_VF_Sequential,Gen8,A0,146.17,syn,1584422.00,,VF,FF,
PS2_VF_URBFifo_Read,Gen8,B0,3.88,ebb,1.00,,VF,FF,
PS2_VF_URBFifo_Read,Gen8LPSoC,B0,2.23,ebb,1.00,,VF,FF,
PS2_VF_URBFifo_Write,Gen8,B0,4.91,ebb,1.00,,VF,FF,
PS2_VF_URBFifo_Write,Gen8LPSoC,B0,2.12,ebb,1.00,,VF,FF,
PS2_VFBE1,Gen8,A0,73.09,syn,822462.00,half of vfunit,VFBE1,FF,
PS2_VFBE2,Gen8,A0,73.09,syn,822462.00,half of vfunit,VFBE2,FF,
PS2_VFE,Gen8,A0,0.00,syn,90072.00,,VFE,FF,
PS2_VS_Cache_Read,Gen8,B0,8.75,ebb,1.00,,VS,FF,
PS2_VS_Cache_Read,Gen8LPSoC,B0,3.64,ebb,1.00,,VS,FF,
PS2_VS_Cache_Write,Gen8,B0,12.27,ebb,1.00,,VS,FF,
PS2_VS_Cache_Write,Gen8LPSoC,B0,6.14,ebb,1.00,,VS,FF,
PS2_VSBE,Gen8,A0,152.94,syn,1636656.00,,VSBE,FF,
PS2_VSFE,Gen8,A0,152.94,syn,1636656.00,,VSFE,FF,
PS2_WMBE_ANTIALIASING,Gen8,A0,26.81,syn,900063.00,,WMBE,ROSC,
PS2_WMBE_FULLYLIT,Gen8,A0,26.81,syn,900063.00,,WMBE,ROSC,
PS2_WMBE_NULLTOPSC,Gen8,A0,5.95,syn,900063.00,,WMBE,ROSC,
PS2_WMBE_PARTIALLYLIT,Gen8,A0,26.81,syn,900063.00,,WMBE,ROSC,
PS2_WMFE_NOTNULLTOPSC,Gen8,A0,19.94,syn,187920.00,,WMFE,ROSC,
PS2_WMFE_NULLTOPSC,Gen8,A0,9.83,syn,187920.00,,WMFE,ROSC,
PS2_WMFE_POLYFIFO_READ,Gen8,B0,7.37,ebb,1.00,,WMFE,ROSC,
PS2_WMFE_POLYFIFO_READ,Gen8LPSoC,B0,0.00,ebb,1.00,,WMFE,ROSC,NOT AVAILABLE
PS2_WMFE_POLYFIFO_WRITE,Gen8,B0,11.23,ebb,1.00,,WMFE,ROSC,
PS2_WMFE_POLYFIFO_WRITE,Gen8LPSoC,B0,0.00,ebb,1.00,,WMFE,ROSC,NOT AVAILABLE
PS2_HIZ_Zonly_1lit_4x4_Pass_Ambig,Gen8,A0,103.30,syn,1791810.00,,HIZ,Z,
PS2_HIZ_Zonly_1lit_4x4_all_lit_Fail,Gen8,A0,103.30,syn,1791810.00,,HIZ,Z,
PS2_HIZ_Zonly_2lit_4x4_Pass_Ambig,Gen8,A0,103.30,syn,1791810.00,,HIZ,Z,
PS2_HIZ_Zonly_2lit_4x4_all_lit_Fail,Gen8,A0,103.30,syn,1791810.00,,HIZ,Z,
PS2_HIZ_Zonly_3lit_4x4_Pass_Ambig,Gen8,A0,103.30,syn,1791810.00,,HIZ,Z,
PS2_HIZ_Zonly_3lit_4x4_all_lit_Fail,Gen8,A0,103.30,syn,1791810.00,,HIZ,Z,
PS2_HIZ_Zonly_4lit_4x4_Pass_Ambig,Gen8,A0,103.30,syn,1791810.00,,HIZ,Z,
PS2_HIZ_Zonly_4lit_4x4_all_lit_Fail,Gen8,A0,103.30,syn,1791810.00,,HIZ,Z,
PS2_HIZ_ZSTC_1lit_4x4_Pass_Ambig,Gen8,A0,103.30,syn,1791810.00,,HIZ,Z,
PS2_HIZ_ZSTC_1lit_4x4_all_lit_Fail,Gen8,A0,103.30,syn,1791810.00,,HIZ,Z,
PS2_HIZ_ZSTC_2lit_4x4_Pass_Ambig,Gen8,A0,103.30,syn,1791810.00,,HIZ,Z,
PS2_HIZ_ZSTC_2lit_4x4_all_lit_Fail,Gen8,A0,103.30,syn,1791810.00,,HIZ,Z,
PS2_HIZ_ZSTC_3lit_4x4_Pass_Ambig,Gen8,A0,103.30,syn,1791810.00,,HIZ,Z,
PS2_HIZ_ZSTC_3lit_4x4_all_lit_Fail,Gen8,A0,103.30,syn,1791810.00,,HIZ,Z,
PS2_HIZ_ZSTC_4lit_4x4_Pass_Ambig,Gen8,A0,103.30,syn,1791810.00,,HIZ,Z,
PS2_HIZ_ZSTC_4lit_4x4_all_lit_Fail,Gen8,A0,103.30,syn,1791810.00,,HIZ,Z,
PS2_HIZ_Stencil_Only,Gen8,A0,103.30,syn,1791810.00,,HIZ,Z,
PS2_HIZ_Bypass,Gen8,A0,19.67,syn,1791810.00,,HIZ,Z,
PS2_HIZ_Clear_Ambiguate,Gen8,A0,103.30,syn,1791810.00,,HIZ,Z,
PS2_HIZ_Depth-Resolve,Gen8,A0,167.06,syn,1791810.00,,HIZ,Z,
PS2_HIZ_Zmarkers,Gen8,A0,19.67,syn,1791810.00,,HIZ,Z,
